id,itemtype,items_id,suppliers_id,order_number,bill,value,sink_type,sink_time,sink_coeff,warranty_duration,buy_date,use_date,order_date,delivery_date,warranty_date
1,Computer,2,2,CMD-GB-201210-0001,FAC-2025-02,469.00,1,3,0,24,NOW-40M,NOW-36M,NOW-42M,NOW-36M,NOW-36M
2,Computer,4,1,CMD-LD-201210-0001,FAC-2025-01,446.00,1,3,0,36,NOW-40M,NOW-36M,NOW-42M,NOW-36M,NOW-36M
3,Computer,5,3,CMD-MDN-201210-0001,FAC-2025-03,354.00,1,3,0,36,NOW-40M,NOW-36M,NOW-42M,NOW-36M,NOW-36M
4,Computer,6,2,CMD-GB-201210-0002,FAC-2025-02,425.00,1,3,0,24,NOW-40M,NOW-36M,NOW-42M,NOW-36M,NOW-36M
5,Computer,7,1,CMD-LD-201210-0002,FAC-2025-01,521.00,1,3,0,36,NOW-40M,NOW-36M,NOW-42M,NOW-36M,NOW-36M
6,Computer,8,3,CMD-MDN-201210-0002,FAC-2025-03,476.00,1,3,0,36,NOW-40M,NOW-36M,NOW-42M,NOW-36M,NOW-36M
7,Computer,9,2,CMD-GB-201210-0003,FAC-2025-02,653.00,1,3,0,24,NOW-40M,NOW-36M,NOW-42M,NOW-36M,NOW-36M
8,Computer,10,1,CMD-LD-201210-0003,FAC-2025-01,514.00,1,3,0,36,NOW-40M,NOW-36M,NOW-42M,NOW-36M,NOW-36M
9,Computer,11,3,CMD-MDN-201210-0003,FAC-2025-03,672.00,1,3,0,36,NOW-40M,NOW-36M,NOW-42M,NOW-36M,NOW-36M
10,Computer,12,2,CMD-GB-201210-0004,FAC-2025-02,401.00,1,3,0,24,NOW-40M,NOW-36M,NOW-42M,NOW-36M,NOW-36M
11,Computer,17,1,CMD-LD-201210-0004,FAC-2025-01,607.00,1,3,0,36,NOW-40M,NOW-36M,NOW-42M,NOW-36M,NOW-36M
12,Computer,18,3,CMD-MDN-201212-0001,FAC-2025-03,511.00,1,3,0,36,NOW-40M,NOW-36M,NOW-42M,NOW-36M,NOW-36M
13,Computer,19,2,CMD-GB-201212-0001,FAC-2025-02,605.00,1,3,0,24,NOW-40M,NOW-36M,NOW-42M,NOW-36M,NOW-36M
14,Computer,20,1,CMD-LD-201210-0005,FAC-2025-01,655.00,1,3,0,36,NOW-40M,NOW-36M,NOW-42M,NOW-36M,NOW-36M
15,Computer,24,3,CMD-MDN-201212-0002,FAC-2025-03,363.00,1,3,0,36,NOW-40M,NOW-36M,NOW-42M,NOW-36M,NOW-36M
16,Computer,25,2,CMD-GB-201212-0002,FAC-2025-02,436.00,1,3,0,24,NOW-40M,NOW-36M,NOW-42M,NOW-36M,NOW-36M
17,Computer,26,1,CMD-LD-201212-0001,FAC-2025-01,601.00,1,3,0,36,NOW-40M,NOW-36M,NOW-42M,NOW-36M,NOW-36M
18,Computer,29,3,CMD-MDN-201212-0003,FAC-2025-03,636.00,1,3,0,36,NOW-40M,NOW-36M,NOW-42M,NOW-36M,NOW-36M
19,Computer,31,2,CMD-GB-201212-0003,FAC-2025-02,357.00,1,3,0,24,NOW-40M,NOW-36M,NOW-42M,NOW-36M,NOW-36M
20,Computer,32,1,CMD-LD-201209-0001,FAC-2025-01,418.00,1,3,0,36,NOW-40M,NOW-36M,NOW-42M,NOW-36M,NOW-36M
21,Computer,35,3,CMD-MDN-201209-0001,FAC-2025-03,589.00,1,3,0,36,NOW-40M,NOW-36M,NOW-42M,NOW-36M,NOW-36M
22,Computer,37,2,CMD-GB-201210-0005,FAC-2025-02,441.00,1,3,0,24,NOW-40M,NOW-36M,NOW-42M,NOW-36M,NOW-36M
23,Computer,38,1,CMD-LD-201209-0002,FAC-2025-01,541.00,1,3,0,36,NOW-40M,NOW-36M,NOW-42M,NOW-36M,NOW-36M
24,Computer,39,3,CMD-MDN-201209-0002,FAC-2025-03,547.00,1,3,0,36,NOW-40M,NOW-36M,NOW-42M,NOW-36M,NOW-36M
25,Computer,40,2,CMD-GB-201210-0006,FAC-2025-02,475.00,1,3,0,24,NOW-40M,NOW-36M,NOW-42M,NOW-36M,NOW-36M
26,Computer,42,1,CMD-LD-201209-0003,FAC-2025-01,637.00,1,3,0,36,NOW-40M,NOW-36M,NOW-42M,NOW-36M,NOW-36M
27,Computer,43,3,CMD-MDN-201212-0004,FAC-2025-03,482.00,1,3,0,36,NOW-40M,NOW-36M,NOW-42M,NOW-36M,NOW-36M
28,Computer,44,2,CMD-GB-201209-0001,FAC-2025-02,376.00,1,3,0,24,NOW-40M,NOW-36M,NOW-42M,NOW-36M,NOW-36M
29,Computer,46,1,CMD-LD-201212-0002,FAC-2025-01,435.00,1,3,0,36,NOW-40M,NOW-36M,NOW-42M,NOW-36M,NOW-36M
30,Computer,47,3,CMD-MDN-201212-0005,FAC-2025-03,421.00,1,3,0,36,NOW-40M,NOW-36M,NOW-42M,NOW-36M,NOW-36M
31,Computer,52,2,CMD-GB-201212-0004,FAC-2025-02,398.00,1,3,0,24,NOW-40M,NOW-36M,NOW-42M,NOW-36M,NOW-36M
32,Computer,53,1,CMD-LD-201212-0003,FAC-2025-01,616.00,1,3,0,36,NOW-40M,NOW-36M,NOW-42M,NOW-36M,NOW-36M
33,Computer,54,3,CMD-MDN-201212-0006,FAC-2025-03,579.00,1,3,0,36,NOW-40M,NOW-36M,NOW-42M,NOW-36M,NOW-36M
34,Computer,60,2,CMD-GB-201212-0005,FAC-2025-02,441.00,1,3,0,24,NOW-40M,NOW-36M,NOW-42M,NOW-36M,NOW-36M
35,Computer,64,1,CMD-LD-201212-0004,FAC-2025-01,509.00,1,3,0,36,NOW-40M,NOW-36M,NOW-42M,NOW-36M,NOW-36M
36,Computer,67,3,CMD-MDN-201212-0007,FAC-2025-03,361.00,1,3,0,36,NOW-40M,NOW-36M,NOW-42M,NOW-36M,NOW-36M
37,Computer,71,2,CMD-GB-201212-0006,FAC-2025-02,635.00,1,3,0,24,NOW-40M,NOW-36M,NOW-42M,NOW-36M,NOW-36M
38,Computer,73,1,CMD-LD-201212-0005,FAC-2025-01,467.00,1,3,0,36,NOW-40M,NOW-36M,NOW-42M,NOW-36M,NOW-36M
39,Computer,74,3,CMD-MDN-201212-0008,FAC-2025-03,447.00,1,3,0,36,NOW-40M,NOW-36M,NOW-42M,NOW-36M,NOW-36M
40,Computer,75,2,CMD-GB-201212-0007,FAC-2025-02,662.00,1,3,0,24,NOW-40M,NOW-36M,NOW-42M,NOW-36M,NOW-36M
41,Computer,77,1,CMD-LD-201209-0004,FAC-2025-01,607.00,1,3,0,36,NOW-40M,NOW-36M,NOW-42M,NOW-36M,NOW-36M
42,Computer,79,3,CMD-MDN-201212-0009,FAC-2025-03,384.00,1,3,0,36,NOW-40M,NOW-36M,NOW-42M,NOW-36M,NOW-36M
43,Computer,83,2,CMD-GB-201301-0001,FAC-2025-02,443.00,1,3,0,24,NOW-40M,NOW-36M,NOW-42M,NOW-36M,NOW-36M
44,Computer,84,1,CMD-LD-201212-0006,FAC-2025-01,500.00,1,3,0,36,NOW-40M,NOW-36M,NOW-42M,NOW-36M,NOW-36M
45,Computer,88,3,CMD-MDN-201212-0010,FAC-2025-03,385.00,1,3,0,36,NOW-40M,NOW-36M,NOW-42M,NOW-36M,NOW-36M
46,Computer,89,2,CMD-GB-201212-0008,FAC-2025-02,644.00,1,3,0,24,NOW-40M,NOW-36M,NOW-42M,NOW-36M,NOW-36M
47,Computer,91,1,CMD-LD-201209-0005,FAC-2025-01,450.00,1,3,0,36,NOW-40M,NOW-36M,NOW-42M,NOW-36M,NOW-36M
48,Computer,93,3,CMD-MDN-201212-0011,FAC-2025-03,553.00,1,3,0,36,NOW-40M,NOW-36M,NOW-42M,NOW-36M,NOW-36M
49,Computer,94,2,CMD-GB-201212-0009,FAC-2025-02,361.00,1,3,0,24,NOW-40M,NOW-36M,NOW-42M,NOW-36M,NOW-36M
50,Computer,95,1,CMD-LD-201212-0007,FAC-2025-01,583.00,1,3,0,36,NOW-40M,NOW-36M,NOW-42M,NOW-36M,NOW-36M
51,Computer,96,3,CMD-MDN-201209-0003,FAC-2025-03,693.00,1,3,0,36,NOW-40M,NOW-36M,NOW-42M,NOW-36M,NOW-36M
52,Computer,98,2,CMD-GB-201303-0001,FAC-2025-02,522.00,1,3,0,24,NOW-40M,NOW-36M,NOW-42M,NOW-36M,NOW-36M
53,Computer,100,1,CMD-LD-201212-0008,FAC-2025-01,369.00,1,3,0,36,NOW-40M,NOW-36M,NOW-42M,NOW-36M,NOW-36M
54,Computer,101,3,CMD-MDN-201301-0001,FAC-2025-03,574.00,1,3,0,36,NOW-40M,NOW-36M,NOW-42M,NOW-36M,NOW-36M
55,Computer,102,2,CMD-GB-201210-0007,FAC-2025-02,688.00,1,3,0,24,NOW-40M,NOW-36M,NOW-42M,NOW-36M,NOW-36M
56,Computer,103,1,CMD-LD-201212-0009,FAC-2025-01,651.00,1,3,0,36,NOW-40M,NOW-36M,NOW-42M,NOW-36M,NOW-36M
57,Computer,104,3,CMD-MDN-201212-0012,FAC-2025-03,554.00,1,3,0,36,NOW-40M,NOW-36M,NOW-42M,NOW-36M,NOW-36M
58,Computer,105,2,CMD-GB-201212-0010,FAC-2025-02,631.00,1,3,0,24,NOW-40M,NOW-36M,NOW-42M,NOW-36M,NOW-36M
59,Computer,106,1,CMD-LD-201301-0001,FAC-2025-01,507.00,1,3,0,36,NOW-40M,NOW-36M,NOW-42M,NOW-36M,NOW-36M
60,Computer,107,3,CMD-MDN-201210-0004,FAC-2025-03,462.00,1,3,0,36,NOW-40M,NOW-36M,NOW-42M,NOW-36M,NOW-36M
61,Computer,108,2,CMD-GB-201212-0011,FAC-2025-02,685.00,1,3,0,24,NOW-40M,NOW-36M,NOW-42M,NOW-36M,NOW-36M
62,Computer,110,1,CMD-LD-201212-0010,FAC-2025-01,577.00,1,3,0,36,NOW-40M,NOW-36M,NOW-42M,NOW-36M,NOW-36M
63,Computer,112,3,CMD-MDN-201302-0001,FAC-2025-03,386.00,1,3,0,36,NOW-40M,NOW-36M,NOW-42M,NOW-36M,NOW-36M
64,Computer,113,2,CMD-GB-201212-0012,FAC-2025-02,580.00,1,3,0,24,NOW-40M,NOW-36M,NOW-42M,NOW-36M,NOW-36M
65,Computer,114,1,CMD-LD-201212-0011,FAC-2025-01,609.00,1,3,0,36,NOW-40M,NOW-36M,NOW-42M,NOW-36M,NOW-36M
66,Computer,115,3,CMD-MDN-201211-0001,FAC-2025-03,640.00,1,3,0,36,NOW-40M,NOW-36M,NOW-42M,NOW-36M,NOW-36M
67,Computer,116,2,CMD-GB-201212-0013,FAC-2025-02,446.00,1,3,0,24,NOW-40M,NOW-36M,NOW-42M,NOW-36M,NOW-36M
68,Computer,119,1,CMD-LD-201212-0012,FAC-2025-01,645.00,1,3,0,36,NOW-40M,NOW-36M,NOW-42M,NOW-36M,NOW-36M
69,Computer,120,3,CMD-MDN-201212-0013,FAC-2025-03,677.00,1,3,0,36,NOW-40M,NOW-36M,NOW-42M,NOW-36M,NOW-36M
70,Computer,121,2,CMD-GB-201212-0014,FAC-2025-02,673.00,1,3,0,24,NOW-40M,NOW-36M,NOW-42M,NOW-36M,NOW-36M
71,Computer,122,1,CMD-LD-201212-0013,FAC-2025-01,651.00,1,3,0,36,NOW-40M,NOW-36M,NOW-42M,NOW-36M,NOW-36M
72,Computer,123,3,CMD-MDN-201212-0014,FAC-2025-03,458.00,1,3,0,36,NOW-40M,NOW-36M,NOW-42M,NOW-36M,NOW-36M
73,Computer,124,2,CMD-GB-201301-0002,FAC-2025-02,657.00,1,3,0,24,NOW-40M,NOW-36M,NOW-42M,NOW-36M,NOW-36M
74,Computer,125,1,CMD-LD-201209-0006,FAC-2025-01,396.00,1,3,0,36,NOW-40M,NOW-36M,NOW-42M,NOW-36M,NOW-36M
75,Computer,126,3,CMD-MDN-201303-0001,FAC-2025-03,460.00,1,3,0,36,NOW-40M,NOW-36M,NOW-42M,NOW-36M,NOW-36M
76,Computer,127,2,CMD-GB-201211-0001,FAC-2025-02,600.00,1,3,0,24,NOW-40M,NOW-36M,NOW-42M,NOW-36M,NOW-36M
77,Computer,128,1,CMD-LD-201301-0002,FAC-2025-01,404.00,1,3,0,36,NOW-40M,NOW-36M,NOW-42M,NOW-36M,NOW-36M
78,Computer,129,3,CMD-MDN-201212-0015,FAC-2025-03,558.00,1,3,0,36,NOW-40M,NOW-36M,NOW-42M,NOW-36M,NOW-36M
79,Computer,130,2,CMD-GB-201302-0001,FAC-2025-02,497.00,1,3,0,24,NOW-40M,NOW-36M,NOW-42M,NOW-36M,NOW-36M
80,Computer,131,1,CMD-LD-201212-0014,FAC-2025-01,451.00,1,3,0,36,NOW-40M,NOW-36M,NOW-42M,NOW-36M,NOW-36M
81,Computer,132,3,CMD-MDN-201212-0016,FAC-2025-03,658.00,1,3,0,36,NOW-40M,NOW-36M,NOW-42M,NOW-36M,NOW-36M
82,Computer,133,2,CMD-GB-201301-0003,FAC-2025-02,677.00,1,3,0,24,NOW-40M,NOW-36M,NOW-42M,NOW-36M,NOW-36M
83,Computer,134,1,CMD-LD-201301-0003,FAC-2025-01,673.00,1,3,0,36,NOW-40M,NOW-36M,NOW-42M,NOW-36M,NOW-36M
84,Computer,135,3,CMD-MDN-201303-0002,FAC-2025-03,528.00,1,3,0,36,NOW-40M,NOW-36M,NOW-42M,NOW-36M,NOW-36M
85,Computer,137,2,CMD-GB-201303-0002,FAC-2025-02,542.00,1,3,0,24,NOW-40M,NOW-36M,NOW-42M,NOW-36M,NOW-36M
86,Computer,138,1,CMD-LD-201303-0001,FAC-2025-01,559.00,1,3,0,36,NOW-40M,NOW-36M,NOW-42M,NOW-36M,NOW-36M
87,Computer,139,3,CMD-MDN-201303-0003,FAC-2025-03,427.00,1,3,0,36,NOW-40M,NOW-36M,NOW-42M,NOW-36M,NOW-36M
88,Computer,141,2,CMD-GB-201212-0015,FAC-2025-02,622.00,1,3,0,24,NOW-40M,NOW-36M,NOW-42M,NOW-36M,NOW-36M
89,Computer,142,1,CMD-LD-201212-0015,FAC-2025-01,659.00,1,3,0,36,NOW-40M,NOW-36M,NOW-42M,NOW-36M,NOW-36M
90,Computer,143,3,CMD-MDN-201301-0002,FAC-2025-03,570.00,1,3,0,36,NOW-40M,NOW-36M,NOW-42M,NOW-36M,NOW-36M
91,Computer,144,2,CMD-GB-201212-0016,FAC-2025-02,508.00,1,3,0,24,NOW-40M,NOW-36M,NOW-42M,NOW-36M,NOW-36M
92,Computer,145,1,CMD-LD-201212-0016,FAC-2025-01,368.00,1,3,0,36,NOW-40M,NOW-36M,NOW-42M,NOW-36M,NOW-36M
93,Computer,146,3,CMD-MDN-201301-0003,FAC-2025-03,569.00,1,3,0,36,NOW-40M,NOW-36M,NOW-42M,NOW-36M,NOW-36M
94,Computer,148,2,CMD-GB-201212-0017,FAC-2025-02,589.00,1,3,0,24,NOW-40M,NOW-36M,NOW-42M,NOW-36M,NOW-36M
95,Computer,151,1,CMD-LD-201212-0017,FAC-2025-01,452.00,1,3,0,36,NOW-40M,NOW-36M,NOW-42M,NOW-36M,NOW-36M
96,Computer,153,3,CMD-MDN-201212-0017,FAC-2025-03,444.00,1,3,0,36,NOW-40M,NOW-36M,NOW-42M,NOW-36M,NOW-36M
97,Computer,154,2,CMD-GB-201212-0018,FAC-2025-02,473.00,1,3,0,24,NOW-40M,NOW-36M,NOW-42M,NOW-36M,NOW-36M
98,Computer,155,1,CMD-LD-201212-0018,FAC-2025-01,503.00,1,3,0,36,NOW-40M,NOW-36M,NOW-42M,NOW-36M,NOW-36M
99,Computer,156,3,CMD-MDN-201301-0004,FAC-2025-03,496.00,1,3,0,36,NOW-40M,NOW-36M,NOW-42M,NOW-36M,NOW-36M
100,Computer,157,2,CMD-GB-201212-0019,FAC-2025-02,565.00,1,3,0,24,NOW-40M,NOW-36M,NOW-42M,NOW-36M,NOW-36M
101,Computer,158,1,CMD-LD-201212-0019,FAC-2025-01,691.00,1,3,0,36,NOW-40M,NOW-36M,NOW-42M,NOW-36M,NOW-36M
102,Computer,159,3,CMD-MDN-201301-0005,FAC-2025-03,684.00,1,3,0,36,NOW-40M,NOW-36M,NOW-42M,NOW-36M,NOW-36M
103,Computer,160,2,CMD-GB-201212-0020,FAC-2025-02,478.00,1,3,0,24,NOW-40M,NOW-36M,NOW-42M,NOW-36M,NOW-36M
104,Computer,162,1,CMD-LD-201212-0020,FAC-2025-01,683.00,1,3,0,36,NOW-40M,NOW-36M,NOW-42M,NOW-36M,NOW-36M
105,Computer,163,3,CMD-MDN-201212-0018,FAC-2025-03,568.00,1,3,0,36,NOW-40M,NOW-36M,NOW-42M,NOW-36M,NOW-36M
106,Computer,164,2,CMD-GB-201212-0021,FAC-2025-02,637.00,1,3,0,24,NOW-40M,NOW-36M,NOW-42M,NOW-36M,NOW-36M
107,Computer,165,1,CMD-LD-201212-0021,FAC-2025-01,350.00,1,3,0,36,NOW-40M,NOW-36M,NOW-42M,NOW-36M,NOW-36M
108,Computer,166,3,CMD-MDN-201212-0019,FAC-2025-03,411.00,1,3,0,36,NOW-40M,NOW-36M,NOW-42M,NOW-36M,NOW-36M
109,Computer,167,2,CMD-GB-201209-0002,FAC-2025-02,556.00,1,3,0,24,NOW-40M,NOW-36M,NOW-42M,NOW-36M,NOW-36M
110,Computer,168,1,CMD-LD-201212-0022,FAC-2025-01,352.00,1,3,0,36,NOW-40M,NOW-36M,NOW-42M,NOW-36M,NOW-36M
111,Computer,169,3,CMD-MDN-201212-0020,FAC-2025-03,391.00,1,3,0,36,NOW-40M,NOW-36M,NOW-42M,NOW-36M,NOW-36M
112,Computer,170,2,CMD-GB-201212-0022,FAC-2025-02,377.00,1,3,0,24,NOW-40M,NOW-36M,NOW-42M,NOW-36M,NOW-36M
113,Computer,171,1,CMD-LD-201212-0023,FAC-2025-01,462.00,1,3,0,36,NOW-40M,NOW-36M,NOW-42M,NOW-36M,NOW-36M
114,Computer,173,3,CMD-MDN-201212-0021,FAC-2025-03,645.00,1,3,0,36,NOW-40M,NOW-36M,NOW-42M,NOW-36M,NOW-36M
115,Computer,175,2,CMD-GB-201212-0023,FAC-2025-02,636.00,1,3,0,24,NOW-40M,NOW-36M,NOW-42M,NOW-36M,NOW-36M
116,Computer,176,1,CMD-LD-201212-0024,FAC-2025-01,456.00,1,3,0,36,NOW-40M,NOW-36M,NOW-42M,NOW-36M,NOW-36M
117,Computer,177,3,CMD-MDN-201212-0022,FAC-2025-03,483.00,1,3,0,36,NOW-40M,NOW-36M,NOW-42M,NOW-36M,NOW-36M
118,Computer,178,2,CMD-GB-201212-0024,FAC-2025-02,494.00,1,3,0,24,NOW-40M,NOW-36M,NOW-42M,NOW-36M,NOW-36M
119,Computer,180,1,CMD-LD-201212-0025,FAC-2025-01,626.00,1,3,0,36,NOW-40M,NOW-36M,NOW-42M,NOW-36M,NOW-36M
120,Computer,181,3,CMD-MDN-201212-0023,FAC-2025-03,465.00,1,3,0,36,NOW-40M,NOW-36M,NOW-42M,NOW-36M,NOW-36M
121,Computer,182,2,CMD-GB-201212-0025,FAC-2025-02,438.00,1,3,0,24,NOW-40M,NOW-36M,NOW-42M,NOW-36M,NOW-36M
122,Computer,186,1,CMD-LD-201212-0026,FAC-2025-01,697.00,1,3,0,36,NOW-40M,NOW-36M,NOW-42M,NOW-36M,NOW-36M
123,Computer,187,3,CMD-MDN-201304-0001,FAC-2025-03,457.00,1,3,0,36,NOW-40M,NOW-36M,NOW-42M,NOW-36M,NOW-36M
124,Computer,190,2,CMD-GB-201212-0026,FAC-2025-02,539.00,1,3,0,24,NOW-40M,NOW-36M,NOW-42M,NOW-36M,NOW-36M
125,Computer,191,1,CMD-LD-201209-0007,FAC-2025-01,406.00,1,3,0,36,NOW-40M,NOW-36M,NOW-42M,NOW-36M,NOW-36M
126,Computer,192,3,CMD-MDN-201303-0004,FAC-2025-03,481.00,1,3,0,36,NOW-40M,NOW-36M,NOW-42M,NOW-36M,NOW-36M
127,Computer,193,2,CMD-GB-201301-0004,FAC-2025-02,625.00,1,3,0,24,NOW-40M,NOW-36M,NOW-42M,NOW-36M,NOW-36M
128,Computer,195,1,CMD-LD-201212-0027,FAC-2025-01,573.00,1,3,0,36,NOW-40M,NOW-36M,NOW-42M,NOW-36M,NOW-36M
129,Computer,201,3,CMD-MDN-201212-0024,FAC-2025-03,532.00,1,3,0,36,NOW-40M,NOW-36M,NOW-42M,NOW-36M,NOW-36M
130,Computer,202,2,CMD-GB-201210-0008,FAC-2025-02,577.00,1,3,0,24,NOW-40M,NOW-36M,NOW-42M,NOW-36M,NOW-36M
131,Computer,204,1,CMD-LD-201212-0028,FAC-2025-01,600.00,1,3,0,36,NOW-40M,NOW-36M,NOW-42M,NOW-36M,NOW-36M
132,Computer,206,3,CMD-MDN-201212-0025,FAC-2025-03,637.00,1,3,0,36,NOW-40M,NOW-36M,NOW-42M,NOW-36M,NOW-36M
133,Computer,208,2,CMD-GB-201212-0027,FAC-2025-02,463.00,1,3,0,24,NOW-40M,NOW-36M,NOW-42M,NOW-36M,NOW-36M
134,Computer,211,1,CMD-LD-201209-0008,FAC-2025-01,425.00,1,3,0,36,NOW-40M,NOW-36M,NOW-42M,NOW-36M,NOW-36M
135,Computer,213,3,CMD-MDN-201301-0006,FAC-2025-03,514.00,1,3,0,36,NOW-40M,NOW-36M,NOW-42M,NOW-36M,NOW-36M
136,Computer,214,2,CMD-GB-201301-0005,FAC-2025-02,543.00,1,3,0,24,NOW-40M,NOW-36M,NOW-42M,NOW-36M,NOW-36M
137,Computer,215,1,CMD-LD-201210-0006,FAC-2025-01,542.00,1,3,0,36,NOW-40M,NOW-36M,NOW-42M,NOW-36M,NOW-36M
138,Computer,218,3,CMD-MDN-201212-0026,FAC-2025-03,467.00,1,3,0,36,NOW-40M,NOW-36M,NOW-42M,NOW-36M,NOW-36M
139,Computer,219,2,CMD-GB-201209-0003,FAC-2025-02,524.00,1,3,0,24,NOW-40M,NOW-36M,NOW-42M,NOW-36M,NOW-36M
140,Computer,224,1,CMD-LD-201212-0029,FAC-2025-01,369.00,1,3,0,36,NOW-40M,NOW-36M,NOW-42M,NOW-36M,NOW-36M
141,Computer,232,3,CMD-MDN-201209-0004,FAC-2025-03,427.00,1,3,0,36,NOW-40M,NOW-36M,NOW-42M,NOW-36M,NOW-36M
142,Computer,240,2,CMD-GB-201212-0028,FAC-2025-02,394.00,1,3,0,24,NOW-40M,NOW-36M,NOW-42M,NOW-36M,NOW-36M
143,Computer,242,1,CMD-LD-201212-0030,FAC-2025-01,516.00,1,3,0,36,NOW-40M,NOW-36M,NOW-42M,NOW-36M,NOW-36M
144,Computer,243,3,CMD-MDN-201301-0007,FAC-2025-03,367.00,1,3,0,36,NOW-40M,NOW-36M,NOW-42M,NOW-36M,NOW-36M
145,Computer,244,2,CMD-GB-201212-0029,FAC-2025-02,400.00,1,3,0,24,NOW-40M,NOW-36M,NOW-42M,NOW-36M,NOW-36M
146,Computer,246,1,CMD-LD-201212-0031,FAC-2025-01,608.00,1,3,0,36,NOW-40M,NOW-36M,NOW-42M,NOW-36M,NOW-36M
147,Computer,247,3,CMD-MDN-201212-0027,FAC-2025-03,353.00,1,3,0,36,NOW-40M,NOW-36M,NOW-42M,NOW-36M,NOW-36M
148,Computer,248,2,CMD-GB-201212-0030,FAC-2025-02,622.00,1,3,0,24,NOW-40M,NOW-36M,NOW-42M,NOW-36M,NOW-36M
149,Computer,249,1,CMD-LD-201212-0032,FAC-2025-01,491.00,1,3,0,36,NOW-40M,NOW-36M,NOW-42M,NOW-36M,NOW-36M
150,Computer,251,3,CMD-MDN-201209-0005,FAC-2025-03,507.00,1,3,0,36,NOW-40M,NOW-36M,NOW-42M,NOW-36M,NOW-36M
151,Computer,254,2,CMD-GB-201212-0031,FAC-2025-02,698.00,1,3,0,24,NOW-40M,NOW-36M,NOW-42M,NOW-36M,NOW-36M
152,Computer,255,1,CMD-LD-201212-0033,FAC-2025-01,410.00,1,3,0,36,NOW-40M,NOW-36M,NOW-42M,NOW-36M,NOW-36M
153,Computer,258,3,CMD-MDN-201210-0005,FAC-2025-03,679.00,1,3,0,36,NOW-40M,NOW-36M,NOW-42M,NOW-36M,NOW-36M
154,Computer,262,2,CMD-GB-201302-0002,FAC-2025-02,480.00,1,3,0,24,NOW-40M,NOW-36M,NOW-42M,NOW-36M,NOW-36M
155,Computer,263,1,CMD-LD-201212-0034,FAC-2025-01,693.00,1,3,0,36,NOW-40M,NOW-36M,NOW-42M,NOW-36M,NOW-36M
156,Computer,264,3,CMD-MDN-201212-0028,FAC-2025-03,465.00,1,3,0,36,NOW-40M,NOW-36M,NOW-42M,NOW-36M,NOW-36M
157,Computer,265,2,CMD-GB-201212-0032,FAC-2025-02,556.00,1,3,0,24,NOW-40M,NOW-36M,NOW-42M,NOW-36M,NOW-36M
158,Computer,266,1,CMD-LD-201212-0035,FAC-2025-01,507.00,1,3,0,36,NOW-40M,NOW-36M,NOW-42M,NOW-36M,NOW-36M
159,Computer,267,3,CMD-MDN-201212-0029,FAC-2025-03,527.00,1,3,0,36,NOW-40M,NOW-36M,NOW-42M,NOW-36M,NOW-36M
160,Computer,268,2,CMD-GB-201212-0033,FAC-2025-02,471.00,1,3,0,24,NOW-40M,NOW-36M,NOW-42M,NOW-36M,NOW-36M
161,Computer,271,1,CMD-LD-201301-0004,FAC-2025-01,468.00,1,3,0,36,NOW-40M,NOW-36M,NOW-42M,NOW-36M,NOW-36M
162,Computer,273,3,CMD-MDN-201305-0001,FAC-2025-03,638.00,1,3,0,36,NOW-40M,NOW-36M,NOW-42M,NOW-36M,NOW-36M
163,Computer,285,2,CMD-GB-201209-0004,FAC-2025-02,627.00,1,3,0,24,NOW-40M,NOW-36M,NOW-42M,NOW-36M,NOW-36M
164,Computer,286,1,CMD-LD-201212-0036,FAC-2025-01,484.00,1,3,0,36,NOW-40M,NOW-36M,NOW-42M,NOW-36M,NOW-36M
165,Computer,288,3,CMD-MDN-201301-0008,FAC-2025-03,546.00,1,3,0,36,NOW-40M,NOW-36M,NOW-42M,NOW-36M,NOW-36M
166,Computer,290,2,CMD-GB-201309-0001,FAC-2025-02,585.00,1,3,0,24,NOW-40M,NOW-36M,NOW-42M,NOW-36M,NOW-36M
167,Computer,291,1,CMD-LD-201309-0001,FAC-2025-01,661.00,1,3,0,36,NOW-40M,NOW-36M,NOW-42M,NOW-36M,NOW-36M
168,Computer,292,3,CMD-MDN-201309-0001,FAC-2025-03,543.00,1,3,0,36,NOW-40M,NOW-36M,NOW-42M,NOW-36M,NOW-36M
169,Computer,294,2,CMD-GB-201212-0034,FAC-2025-02,439.00,1,3,0,24,NOW-40M,NOW-36M,NOW-42M,NOW-36M,NOW-36M
170,Computer,295,1,CMD-LD-201212-0037,FAC-2025-01,445.00,1,3,0,36,NOW-40M,NOW-36M,NOW-42M,NOW-36M,NOW-36M
171,Computer,296,3,CMD-MDN-201212-0030,FAC-2025-03,407.00,1,3,0,36,NOW-40M,NOW-36M,NOW-42M,NOW-36M,NOW-36M
172,Computer,297,2,CMD-GB-201212-0035,FAC-2025-02,387.00,1,3,0,24,NOW-40M,NOW-36M,NOW-42M,NOW-36M,NOW-36M
172,Computer,1088,2,CMD-GB-201212-0035,FAC-2025-02,387.00,1,3,0,24,NOW-40M,NOW-36M,NOW-42M,NOW-36M,NOW-36M
173,Computer,302,1,CMD-LD-201303-0002,FAC-2025-01,446.00,1,3,0,36,NOW-40M,NOW-36M,NOW-42M,NOW-36M,NOW-36M
174,Computer,303,3,CMD-MDN-201212-0031,FAC-2025-03,639.00,1,3,0,36,NOW-40M,NOW-36M,NOW-42M,NOW-36M,NOW-36M
175,Computer,308,2,CMD-GB-201309-0002,FAC-2025-02,549.00,1,3,0,24,NOW-40M,NOW-36M,NOW-42M,NOW-36M,NOW-36M
176,Computer,311,1,CMD-LD-201303-0003,FAC-2025-01,390.00,1,3,0,36,NOW-40M,NOW-36M,NOW-42M,NOW-36M,NOW-36M
177,Computer,314,3,CMD-MDN-201309-0002,FAC-2025-03,505.00,1,3,0,36,NOW-40M,NOW-36M,NOW-42M,NOW-36M,NOW-36M
178,Computer,316,2,CMD-GB-201212-0036,FAC-2025-02,363.00,1,3,0,24,NOW-40M,NOW-36M,NOW-42M,NOW-36M,NOW-36M
179,Computer,319,1,CMD-LD-201309-0002,FAC-2025-01,405.00,1,3,0,36,NOW-40M,NOW-36M,NOW-42M,NOW-36M,NOW-36M
180,Computer,322,3,CMD-MDN-201209-0006,FAC-2025-03,492.00,1,3,0,36,NOW-40M,NOW-36M,NOW-42M,NOW-36M,NOW-36M
181,Computer,325,2,CMD-GB-201309-0003,FAC-2025-02,369.00,1,3,0,24,NOW-40M,NOW-36M,NOW-42M,NOW-36M,NOW-36M
182,Computer,326,1,CMD-LD-201309-0003,FAC-2025-01,692.00,1,3,0,36,NOW-40M,NOW-36M,NOW-42M,NOW-36M,NOW-36M
183,Computer,332,3,CMD-MDN-201212-0032,FAC-2025-03,592.00,1,3,0,36,NOW-40M,NOW-36M,NOW-42M,NOW-36M,NOW-36M
184,Computer,348,2,CMD-GB-201310-0001,FAC-2025-02,378.00,1,3,0,24,NOW-40M,NOW-36M,NOW-42M,NOW-36M,NOW-36M
185,Computer,349,1,CMD-LD-201310-0001,FAC-2025-01,397.00,1,3,0,36,NOW-40M,NOW-36M,NOW-42M,NOW-36M,NOW-36M
186,Computer,350,3,CMD-MDN-201310-0001,FAC-2025-03,669.00,1,3,0,36,NOW-40M,NOW-36M,NOW-42M,NOW-36M,NOW-36M
187,Computer,353,2,CMD-GB-201310-0002,FAC-2025-02,560.00,1,3,0,24,NOW-40M,NOW-36M,NOW-42M,NOW-36M,NOW-36M
188,Computer,354,1,CMD-LD-201310-0002,FAC-2025-01,604.00,1,3,0,36,NOW-40M,NOW-36M,NOW-42M,NOW-36M,NOW-36M
189,Computer,355,3,CMD-MDN-201310-0002,FAC-2025-03,595.00,1,3,0,36,NOW-40M,NOW-36M,NOW-42M,NOW-36M,NOW-36M
190,Computer,356,2,CMD-GB-201310-0003,FAC-2025-02,675.00,1,3,0,24,NOW-40M,NOW-36M,NOW-42M,NOW-36M,NOW-36M
191,Computer,357,1,CMD-LD-201310-0003,FAC-2025-01,553.00,1,3,0,36,NOW-40M,NOW-36M,NOW-42M,NOW-36M,NOW-36M
192,Computer,359,3,CMD-MDN-201301-0009,FAC-2025-03,576.00,1,3,0,36,NOW-40M,NOW-36M,NOW-42M,NOW-36M,NOW-36M
193,Computer,360,2,CMD-GB-201303-0003,FAC-2025-02,482.00,1,3,0,24,NOW-40M,NOW-36M,NOW-42M,NOW-36M,NOW-36M
194,Computer,361,1,CMD-LD-201212-0038,FAC-2025-01,585.00,1,3,0,36,NOW-40M,NOW-36M,NOW-42M,NOW-36M,NOW-36M
195,Computer,363,3,CMD-MDN-201310-0003,FAC-2025-03,497.00,1,3,0,36,NOW-40M,NOW-36M,NOW-42M,NOW-36M,NOW-36M
196,Computer,379,2,CMD-GB-201210-0009,FAC-2025-02,547.00,1,3,0,24,NOW-40M,NOW-36M,NOW-42M,NOW-36M,NOW-36M
197,Computer,380,1,CMD-LD-201310-0004,FAC-2025-01,499.00,1,3,0,36,NOW-40M,NOW-36M,NOW-42M,NOW-36M,NOW-36M
198,Computer,381,3,CMD-MDN-201310-0004,FAC-2025-03,581.00,1,3,0,36,NOW-40M,NOW-36M,NOW-42M,NOW-36M,NOW-36M
199,Computer,382,2,CMD-GB-201310-0004,FAC-2025-02,543.00,1,3,0,24,NOW-40M,NOW-36M,NOW-42M,NOW-36M,NOW-36M
200,Computer,383,1,CMD-LD-201302-0001,FAC-2025-01,592.00,1,3,0,36,NOW-40M,NOW-36M,NOW-42M,NOW-36M,NOW-36M
201,Computer,384,3,CMD-MDN-201210-0006,FAC-2025-03,503.00,1,3,0,36,NOW-40M,NOW-36M,NOW-42M,NOW-36M,NOW-36M
202,Computer,385,2,CMD-GB-201210-0010,FAC-2025-02,474.00,1,3,0,24,NOW-40M,NOW-36M,NOW-42M,NOW-36M,NOW-36M
203,Computer,386,1,CMD-LD-201210-0007,FAC-2025-01,603.00,1,3,0,36,NOW-40M,NOW-36M,NOW-42M,NOW-36M,NOW-36M
204,Computer,387,3,CMD-MDN-201210-0007,FAC-2025-03,484.00,1,3,0,36,NOW-40M,NOW-36M,NOW-42M,NOW-36M,NOW-36M
205,Computer,389,2,CMD-GB-201210-0011,FAC-2025-02,372.00,1,3,0,24,NOW-40M,NOW-36M,NOW-42M,NOW-36M,NOW-36M
206,Computer,391,1,CMD-LD-201210-0008,FAC-2025-01,529.00,1,3,0,36,NOW-40M,NOW-36M,NOW-42M,NOW-36M,NOW-36M
207,Computer,397,3,CMD-MDN-201310-0005,FAC-2025-03,597.00,1,3,0,36,NOW-40M,NOW-36M,NOW-42M,NOW-36M,NOW-36M
208,Computer,398,2,CMD-GB-201210-0012,FAC-2025-02,580.00,1,3,0,24,NOW-40M,NOW-36M,NOW-42M,NOW-36M,NOW-36M
209,Computer,399,1,CMD-LD-201210-0009,FAC-2025-01,358.00,1,3,0,36,NOW-40M,NOW-36M,NOW-42M,NOW-36M,NOW-36M
210,Computer,400,3,CMD-MDN-201210-0008,FAC-2025-03,458.00,1,3,0,36,NOW-40M,NOW-36M,NOW-42M,NOW-36M,NOW-36M
211,Computer,401,2,CMD-GB-201210-0013,FAC-2025-02,641.00,1,3,0,24,NOW-40M,NOW-36M,NOW-42M,NOW-36M,NOW-36M
212,Computer,402,1,CMD-LD-201210-0010,FAC-2025-01,408.00,1,3,0,36,NOW-40M,NOW-36M,NOW-42M,NOW-36M,NOW-36M
213,Computer,403,3,CMD-MDN-201210-0009,FAC-2025-03,524.00,1,3,0,36,NOW-40M,NOW-36M,NOW-42M,NOW-36M,NOW-36M
214,Computer,404,2,CMD-GB-201210-0014,FAC-2025-02,524.00,1,3,0,24,NOW-40M,NOW-36M,NOW-42M,NOW-36M,NOW-36M
215,Computer,423,1,CMD-LD-201301-0005,FAC-2025-01,615.00,1,3,0,36,NOW-40M,NOW-36M,NOW-42M,NOW-36M,NOW-36M
216,Computer,426,3,CMD-MDN-201212-0033,FAC-2025-03,519.00,1,3,0,36,NOW-40M,NOW-36M,NOW-42M,NOW-36M,NOW-36M
217,Computer,428,2,CMD-GB-201209-0005,FAC-2025-02,625.00,1,3,0,24,NOW-40M,NOW-36M,NOW-42M,NOW-36M,NOW-36M
218,Computer,445,1,CMD-LD-201311-0001,FAC-2025-01,437.00,1,3,0,36,NOW-40M,NOW-36M,NOW-42M,NOW-36M,NOW-36M
219,Computer,446,3,CMD-MDN-201311-0001,FAC-2025-03,401.00,1,3,0,36,NOW-40M,NOW-36M,NOW-42M,NOW-36M,NOW-36M
220,Computer,447,2,CMD-GB-201311-0001,FAC-2025-02,453.00,1,3,0,24,NOW-40M,NOW-36M,NOW-42M,NOW-36M,NOW-36M
221,Computer,450,1,CMD-LD-201212-0039,FAC-2025-01,594.00,1,3,0,36,NOW-40M,NOW-36M,NOW-42M,NOW-36M,NOW-36M
222,Computer,451,3,CMD-MDN-201311-0002,FAC-2025-03,438.00,1,3,0,36,NOW-40M,NOW-36M,NOW-42M,NOW-36M,NOW-36M
223,Computer,455,2,CMD-GB-201305-0001,FAC-2025-02,375.00,1,3,0,24,NOW-40M,NOW-36M,NOW-42M,NOW-36M,NOW-36M
224,Computer,460,1,CMD-LD-201311-0002,FAC-2025-01,450.00,1,3,0,36,NOW-40M,NOW-36M,NOW-42M,NOW-36M,NOW-36M
225,Computer,461,3,CMD-MDN-201311-0003,FAC-2025-03,540.00,1,3,0,36,NOW-40M,NOW-36M,NOW-42M,NOW-36M,NOW-36M
226,Computer,462,2,CMD-GB-201310-0005,FAC-2025-02,656.00,1,3,0,24,NOW-40M,NOW-36M,NOW-42M,NOW-36M,NOW-36M
227,Computer,463,1,CMD-LD-201311-0003,FAC-2025-01,553.00,1,3,0,36,NOW-40M,NOW-36M,NOW-42M,NOW-36M,NOW-36M
228,Computer,468,3,CMD-MDN-201311-0004,FAC-2025-03,688.00,1,3,0,36,NOW-40M,NOW-36M,NOW-42M,NOW-36M,NOW-36M
229,Computer,470,2,CMD-GB-201311-0002,FAC-2025-02,501.00,1,3,0,24,NOW-40M,NOW-36M,NOW-42M,NOW-36M,NOW-36M
230,Computer,471,1,CMD-LD-201311-0004,FAC-2025-01,424.00,1,3,0,36,NOW-40M,NOW-36M,NOW-42M,NOW-36M,NOW-36M
231,Computer,472,3,CMD-MDN-201311-0005,FAC-2025-03,365.00,1,3,0,36,NOW-40M,NOW-36M,NOW-42M,NOW-36M,NOW-36M
232,Computer,473,2,CMD-GB-201311-0003,FAC-2025-02,482.00,1,3,0,24,NOW-40M,NOW-36M,NOW-42M,NOW-36M,NOW-36M
233,Computer,474,1,CMD-LD-201311-0005,FAC-2025-01,687.00,1,3,0,36,NOW-40M,NOW-36M,NOW-42M,NOW-36M,NOW-36M
234,Computer,475,3,CMD-MDN-201311-0006,FAC-2025-03,568.00,1,3,0,36,NOW-40M,NOW-36M,NOW-42M,NOW-36M,NOW-36M
235,Computer,476,2,CMD-GB-201311-0004,FAC-2025-02,692.00,1,3,0,24,NOW-40M,NOW-36M,NOW-42M,NOW-36M,NOW-36M
236,Computer,477,1,CMD-LD-201311-0006,FAC-2025-01,647.00,1,3,0,36,NOW-40M,NOW-36M,NOW-42M,NOW-36M,NOW-36M
237,Computer,478,3,CMD-MDN-201311-0007,FAC-2025-03,620.00,1,3,0,36,NOW-40M,NOW-36M,NOW-42M,NOW-36M,NOW-36M
238,Computer,479,2,CMD-GB-201311-0005,FAC-2025-02,628.00,1,3,0,24,NOW-40M,NOW-36M,NOW-42M,NOW-36M,NOW-36M
239,Computer,480,1,CMD-LD-201311-0007,FAC-2025-01,584.00,1,3,0,36,NOW-40M,NOW-36M,NOW-42M,NOW-36M,NOW-36M
240,Computer,481,3,CMD-MDN-201311-0008,FAC-2025-03,592.00,1,3,0,36,NOW-40M,NOW-36M,NOW-42M,NOW-36M,NOW-36M
241,Computer,482,2,CMD-GB-201311-0006,FAC-2025-02,593.00,1,3,0,24,NOW-40M,NOW-36M,NOW-42M,NOW-36M,NOW-36M
242,Computer,484,1,CMD-LD-201311-0008,FAC-2025-01,403.00,1,3,0,36,NOW-40M,NOW-36M,NOW-42M,NOW-36M,NOW-36M
243,Computer,485,3,CMD-MDN-201311-0009,FAC-2025-03,489.00,1,3,0,36,NOW-40M,NOW-36M,NOW-42M,NOW-36M,NOW-36M
244,Computer,488,2,CMD-GB-201311-0007,FAC-2025-02,361.00,1,3,0,24,NOW-40M,NOW-36M,NOW-42M,NOW-36M,NOW-36M
245,Computer,496,1,CMD-LD-201311-0009,FAC-2025-01,632.00,1,3,0,36,NOW-40M,NOW-36M,NOW-42M,NOW-36M,NOW-36M
246,Computer,500,3,CMD-MDN-201310-0006,FAC-2025-03,672.00,1,3,0,36,NOW-40M,NOW-36M,NOW-42M,NOW-36M,NOW-36M
247,Computer,508,2,CMD-GB-201311-0008,FAC-2025-02,419.00,1,3,0,24,NOW-40M,NOW-36M,NOW-42M,NOW-36M,NOW-36M
248,Computer,518,1,CMD-LD-201311-0010,FAC-2025-01,686.00,1,3,0,36,NOW-40M,NOW-36M,NOW-42M,NOW-36M,NOW-36M
249,Computer,527,3,CMD-MDN-201311-0010,FAC-2025-03,504.00,1,3,0,36,NOW-40M,NOW-36M,NOW-42M,NOW-36M,NOW-36M
250,Computer,528,2,CMD-GB-201311-0009,FAC-2025-02,353.00,1,3,0,24,NOW-40M,NOW-36M,NOW-42M,NOW-36M,NOW-36M
251,Computer,529,1,CMD-LD-201311-0011,FAC-2025-01,407.00,1,3,0,36,NOW-40M,NOW-36M,NOW-42M,NOW-36M,NOW-36M
252,Computer,530,3,CMD-MDN-201311-0011,FAC-2025-03,513.00,1,3,0,36,NOW-40M,NOW-36M,NOW-42M,NOW-36M,NOW-36M
253,Computer,531,2,CMD-GB-201311-0010,FAC-2025-02,505.00,1,3,0,24,NOW-40M,NOW-36M,NOW-42M,NOW-36M,NOW-36M
254,Computer,532,1,CMD-LD-201311-0012,FAC-2025-01,508.00,1,3,0,36,NOW-40M,NOW-36M,NOW-42M,NOW-36M,NOW-36M
255,Computer,533,3,CMD-MDN-201311-0012,FAC-2025-03,373.00,1,3,0,36,NOW-40M,NOW-36M,NOW-42M,NOW-36M,NOW-36M
256,Computer,536,2,CMD-GB-201311-0011,FAC-2025-02,366.00,1,3,0,24,NOW-40M,NOW-36M,NOW-42M,NOW-36M,NOW-36M
257,Computer,538,1,CMD-LD-201311-0013,FAC-2025-01,380.00,1,3,0,36,NOW-40M,NOW-36M,NOW-42M,NOW-36M,NOW-36M
258,Computer,540,3,CMD-MDN-201311-0013,FAC-2025-03,544.00,1,3,0,36,NOW-40M,NOW-36M,NOW-42M,NOW-36M,NOW-36M
259,Computer,541,2,CMD-GB-201311-0012,FAC-2025-02,426.00,1,3,0,24,NOW-40M,NOW-36M,NOW-42M,NOW-36M,NOW-36M
260,Computer,548,1,CMD-LD-201311-0014,FAC-2025-01,669.00,1,3,0,36,NOW-40M,NOW-36M,NOW-42M,NOW-36M,NOW-36M
261,Computer,549,3,CMD-MDN-201311-0014,FAC-2025-03,466.00,1,3,0,36,NOW-40M,NOW-36M,NOW-42M,NOW-36M,NOW-36M
262,Computer,550,2,CMD-GB-201311-0013,FAC-2025-02,452.00,1,3,0,24,NOW-40M,NOW-36M,NOW-42M,NOW-36M,NOW-36M
263,Computer,551,1,CMD-LD-201311-0015,FAC-2025-01,488.00,1,3,0,36,NOW-40M,NOW-36M,NOW-42M,NOW-36M,NOW-36M
264,Computer,553,3,CMD-MDN-201311-0015,FAC-2025-03,509.00,1,3,0,36,NOW-40M,NOW-36M,NOW-42M,NOW-36M,NOW-36M
265,Computer,554,2,CMD-GB-201311-0014,FAC-2025-02,475.00,1,3,0,24,NOW-40M,NOW-36M,NOW-42M,NOW-36M,NOW-36M
266,Computer,555,1,CMD-LD-201311-0016,FAC-2025-01,379.00,1,3,0,36,NOW-40M,NOW-36M,NOW-42M,NOW-36M,NOW-36M
267,Computer,556,3,CMD-MDN-201311-0016,FAC-2025-03,639.00,1,3,0,36,NOW-40M,NOW-36M,NOW-42M,NOW-36M,NOW-36M
268,Computer,557,2,CMD-GB-201311-0015,FAC-2025-02,683.00,1,3,0,24,NOW-40M,NOW-36M,NOW-42M,NOW-36M,NOW-36M
269,Computer,559,1,CMD-LD-201311-0017,FAC-2025-01,362.00,1,3,0,36,NOW-40M,NOW-36M,NOW-42M,NOW-36M,NOW-36M
270,Computer,561,3,CMD-MDN-201311-0017,FAC-2025-03,683.00,1,3,0,36,NOW-40M,NOW-36M,NOW-42M,NOW-36M,NOW-36M
271,Computer,562,2,CMD-GB-201311-0016,FAC-2025-02,421.00,1,3,0,24,NOW-40M,NOW-36M,NOW-42M,NOW-36M,NOW-36M
272,Computer,565,1,CMD-LD-201311-0018,FAC-2025-01,623.00,1,3,0,36,NOW-40M,NOW-36M,NOW-42M,NOW-36M,NOW-36M
273,Computer,566,3,CMD-MDN-201311-0018,FAC-2025-03,582.00,1,3,0,36,NOW-40M,NOW-36M,NOW-42M,NOW-36M,NOW-36M
274,Computer,573,2,CMD-GB-201311-0017,FAC-2025-02,566.00,1,3,0,24,NOW-40M,NOW-36M,NOW-42M,NOW-36M,NOW-36M
275,Computer,579,1,CMD-LD-201311-0019,FAC-2025-01,623.00,1,3,0,36,NOW-40M,NOW-36M,NOW-42M,NOW-36M,NOW-36M
276,Computer,601,3,CMD-MDN-201312-0001,FAC-2025-03,398.00,1,3,0,36,NOW-40M,NOW-36M,NOW-42M,NOW-36M,NOW-36M
277,Computer,602,2,CMD-GB-201312-0001,FAC-2025-02,471.00,1,3,0,24,NOW-40M,NOW-36M,NOW-42M,NOW-36M,NOW-36M
278,Computer,604,1,CMD-LD-201312-0001,FAC-2025-01,452.00,1,3,0,36,NOW-40M,NOW-36M,NOW-42M,NOW-36M,NOW-36M
279,Computer,611,3,CMD-MDN-201312-0002,FAC-2025-03,493.00,1,3,0,36,NOW-40M,NOW-36M,NOW-42M,NOW-36M,NOW-36M
280,Computer,612,2,CMD-GB-201312-0002,FAC-2025-02,627.00,1,3,0,24,NOW-40M,NOW-36M,NOW-42M,NOW-36M,NOW-36M
281,Computer,619,1,CMD-LD-201312-0002,FAC-2025-01,485.00,1,3,0,36,NOW-40M,NOW-36M,NOW-42M,NOW-36M,NOW-36M
282,Computer,620,3,CMD-MDN-201312-0003,FAC-2025-03,647.00,1,3,0,36,NOW-40M,NOW-36M,NOW-42M,NOW-36M,NOW-36M
283,Computer,625,2,CMD-GB-201312-0003,FAC-2025-02,367.00,1,3,0,24,NOW-40M,NOW-36M,NOW-42M,NOW-36M,NOW-36M
284,Computer,628,1,CMD-LD-201312-0003,FAC-2025-01,514.00,1,3,0,36,NOW-40M,NOW-36M,NOW-42M,NOW-36M,NOW-36M
285,Computer,631,3,CMD-MDN-201312-0004,FAC-2025-03,355.00,1,3,0,36,NOW-40M,NOW-36M,NOW-42M,NOW-36M,NOW-36M
286,Computer,642,2,CMD-GB-201312-0004,FAC-2025-02,685.00,1,3,0,24,NOW-40M,NOW-36M,NOW-42M,NOW-36M,NOW-36M
287,Computer,650,1,CMD-LD-201312-0004,FAC-2025-01,351.00,1,3,0,36,NOW-40M,NOW-36M,NOW-42M,NOW-36M,NOW-36M
288,Computer,651,3,CMD-MDN-201312-0005,FAC-2025-03,652.00,1,3,0,36,NOW-40M,NOW-36M,NOW-42M,NOW-36M,NOW-36M
289,Computer,652,2,CMD-GB-201312-0005,FAC-2025-02,353.00,1,3,0,24,NOW-40M,NOW-36M,NOW-42M,NOW-36M,NOW-36M
290,Computer,655,1,CMD-LD-201401-0001,FAC-2025-01,465.00,1,3,0,36,NOW-40M,NOW-36M,NOW-42M,NOW-36M,NOW-36M
291,Computer,658,3,CMD-MDN-201401-0001,FAC-2025-03,596.00,1,3,0,36,NOW-40M,NOW-36M,NOW-42M,NOW-36M,NOW-36M
292,Computer,663,2,CMD-GB-201401-0001,FAC-2025-02,389.00,1,3,0,24,NOW-40M,NOW-36M,NOW-42M,NOW-36M,NOW-36M
293,Computer,782,1,CMD-LD-201209-0009,FAC-2025-01,668.00,1,3,0,36,NOW-40M,NOW-36M,NOW-42M,NOW-36M,NOW-36M
294,Computer,783,3,CMD-MDN-201401-0002,FAC-2025-03,352.00,1,3,0,36,NOW-40M,NOW-36M,NOW-42M,NOW-36M,NOW-36M
295,Computer,882,2,CMD-GB-201402-0001,FAC-2025-02,440.00,1,3,0,24,NOW-40M,NOW-36M,NOW-42M,NOW-36M,NOW-36M
296,Computer,884,1,CMD-LD-201203-0001,FAC-2025-01,409.00,1,3,0,36,NOW-40M,NOW-36M,NOW-42M,NOW-36M,NOW-36M
297,Computer,905,3,CMD-MDN-201402-0001,FAC-2025-03,432.00,1,3,0,36,NOW-40M,NOW-36M,NOW-42M,NOW-36M,NOW-36M
298,Computer,908,2,CMD-GB-201402-0002,FAC-2025-02,550.00,1,3,0,24,NOW-40M,NOW-36M,NOW-42M,NOW-36M,NOW-36M
299,Computer,910,1,CMD-LD-201402-0001,FAC-2025-01,556.00,1,3,0,36,NOW-40M,NOW-36M,NOW-42M,NOW-36M,NOW-36M
300,Computer,913,3,CMD-MDN-201402-0002,FAC-2025-03,606.00,1,3,0,36,NOW-40M,NOW-36M,NOW-42M,NOW-36M,NOW-36M
301,Computer,915,2,CMD-GB-201402-0003,FAC-2025-02,392.00,1,3,0,24,NOW-40M,NOW-36M,NOW-42M,NOW-36M,NOW-36M
302,Computer,920,1,CMD-LD-201402-0002,FAC-2025-01,385.00,1,3,0,36,NOW-40M,NOW-36M,NOW-42M,NOW-36M,NOW-36M
303,Computer,921,3,CMD-MDN-201402-0003,FAC-2025-03,607.00,1,3,0,36,NOW-40M,NOW-36M,NOW-42M,NOW-36M,NOW-36M
304,Computer,922,2,CMD-GB-201402-0004,FAC-2025-02,617.00,1,3,0,24,NOW-40M,NOW-36M,NOW-42M,NOW-36M,NOW-36M
305,Computer,924,1,CMD-LD-201402-0003,FAC-2025-01,635.00,1,3,0,36,NOW-40M,NOW-36M,NOW-42M,NOW-36M,NOW-36M
306,Computer,926,3,CMD-MDN-201402-0004,FAC-2025-03,421.00,1,3,0,36,NOW-40M,NOW-36M,NOW-42M,NOW-36M,NOW-36M
307,Computer,934,2,CMD-GB-201403-0001,FAC-2025-02,557.00,1,3,0,24,NOW-40M,NOW-36M,NOW-42M,NOW-36M,NOW-36M
308,Computer,939,1,CMD-LD-201403-0001,FAC-2025-01,670.00,1,3,0,36,NOW-40M,NOW-36M,NOW-42M,NOW-36M,NOW-36M
309,Computer,951,3,CMD-MDN-201404-0001,FAC-2025-03,535.00,1,3,0,36,NOW-40M,NOW-36M,NOW-42M,NOW-36M,NOW-36M
310,Computer,961,2,CMD-GB-201404-0001,FAC-2025-02,366.00,1,3,0,24,NOW-40M,NOW-36M,NOW-42M,NOW-36M,NOW-36M
311,Computer,966,1,CMD-LD-201404-0001,FAC-2025-01,455.00,1,3,0,36,NOW-40M,NOW-36M,NOW-42M,NOW-36M,NOW-36M
312,Computer,971,3,CMD-MDN-201404-0002,FAC-2025-03,595.00,1,3,0,36,NOW-40M,NOW-36M,NOW-42M,NOW-36M,NOW-36M
313,Computer,980,2,CMD-GB-201404-0002,FAC-2025-02,405.00,1,3,0,24,NOW-40M,NOW-36M,NOW-42M,NOW-36M,NOW-36M
313,Computer,973,2,CMD-GB-201404-0002,FAC-2025-02,405.00,1,3,0,24,NOW-40M,NOW-36M,NOW-42M,NOW-36M,NOW-36M
314,Computer,975,1,CMD-LD-201405-0001,FAC-2025-01,413.00,1,3,0,36,NOW-40M,NOW-36M,NOW-42M,NOW-36M,NOW-36M
315,Computer,973,3,CMD-MDN-201405-0001,FAC-2025-03,405.00,1,3,0,36,NOW-40M,NOW-36M,NOW-42M,NOW-36M,NOW-36M
315,Computer,980,3,CMD-MDN-201405-0001,FAC-2025-03,405.00,1,3,0,36,NOW-40M,NOW-36M,NOW-42M,NOW-36M,NOW-36M
316,Computer,989,2,CMD-GB-201405-0001,FAC-2025-02,371.00,1,3,0,24,NOW-40M,NOW-36M,NOW-42M,NOW-36M,NOW-36M
317,Computer,990,1,CMD-LD-201405-0002,FAC-2025-01,511.00,1,3,0,36,NOW-40M,NOW-36M,NOW-42M,NOW-36M,NOW-36M
318,Computer,992,3,CMD-MDN-201405-0002,FAC-2025-03,438.00,1,3,0,36,NOW-40M,NOW-36M,NOW-42M,NOW-36M,NOW-36M
319,Computer,995,2,CMD-GB-201406-0001,FAC-2025-02,431.00,1,3,0,24,NOW-40M,NOW-36M,NOW-42M,NOW-36M,NOW-36M
320,Computer,998,1,CMD-LD-201406-0001,FAC-2025-01,445.00,1,3,0,36,NOW-40M,NOW-36M,NOW-42M,NOW-36M,NOW-36M
321,Computer,999,3,CMD-MDN-201406-0001,FAC-2025-03,610.00,1,3,0,36,NOW-40M,NOW-36M,NOW-42M,NOW-36M,NOW-36M
322,Computer,1000,2,CMD-GB-201406-0002,FAC-2025-02,430.00,1,3,0,24,NOW-40M,NOW-36M,NOW-42M,NOW-36M,NOW-36M
323,Computer,1028,1,CMD-LD-201406-0002,FAC-2025-01,550.00,1,3,0,36,NOW-40M,NOW-36M,NOW-42M,NOW-36M,NOW-36M
324,Computer,1030,3,CMD-MDN-201406-0002,FAC-2025-03,539.00,1,3,0,36,NOW-40M,NOW-36M,NOW-42M,NOW-36M,NOW-36M
325,Computer,1031,2,CMD-GB-201406-0003,FAC-2025-02,670.00,1,3,0,24,NOW-40M,NOW-36M,NOW-42M,NOW-36M,NOW-36M
326,Computer,1032,1,CMD-LD-201406-0003,FAC-2025-01,642.00,1,3,0,36,NOW-40M,NOW-36M,NOW-42M,NOW-36M,NOW-36M
327,Computer,1033,3,CMD-MDN-201406-0003,FAC-2025-03,690.00,1,3,0,36,NOW-40M,NOW-36M,NOW-42M,NOW-36M,NOW-36M
328,Computer,1034,2,CMD-GB-201406-0004,FAC-2025-02,427.00,1,3,0,24,NOW-40M,NOW-36M,NOW-42M,NOW-36M,NOW-36M
329,Computer,1035,1,CMD-LD-201406-0004,FAC-2025-01,426.00,1,3,0,36,NOW-40M,NOW-36M,NOW-42M,NOW-36M,NOW-36M
330,Computer,1036,3,CMD-MDN-201406-0004,FAC-2025-03,473.00,1,3,0,36,NOW-40M,NOW-36M,NOW-42M,NOW-36M,NOW-36M
331,Computer,1037,2,CMD-GB-201406-0005,FAC-2025-02,676.00,1,3,0,24,NOW-40M,NOW-36M,NOW-42M,NOW-36M,NOW-36M
332,Computer,1038,1,CMD-LD-201406-0005,FAC-2025-01,625.00,1,3,0,36,NOW-40M,NOW-36M,NOW-42M,NOW-36M,NOW-36M
333,Computer,1067,3,CMD-MDN-201407-0001,FAC-2025-03,583.00,1,3,0,36,NOW-40M,NOW-36M,NOW-42M,NOW-36M,NOW-36M
334,Computer,1068,2,CMD-GB-201407-0001,FAC-2025-02,535.00,1,3,0,24,NOW-40M,NOW-36M,NOW-42M,NOW-36M,NOW-36M
335,Computer,1070,1,CMD-LD-201407-0001,FAC-2025-01,600.00,1,3,0,36,NOW-40M,NOW-36M,NOW-42M,NOW-36M,NOW-36M
336,Computer,1071,3,CMD-MDN-201407-0002,FAC-2025-03,354.00,1,3,0,36,NOW-40M,NOW-36M,NOW-42M,NOW-36M,NOW-36M
337,Computer,1072,2,CMD-GB-201407-0002,FAC-2025-02,645.00,1,3,0,24,NOW-40M,NOW-36M,NOW-42M,NOW-36M,NOW-36M
338,Computer,1073,1,CMD-LD-201407-0002,FAC-2025-01,564.00,1,3,0,36,NOW-40M,NOW-36M,NOW-42M,NOW-36M,NOW-36M
339,Computer,1074,3,CMD-MDN-201407-0003,FAC-2025-03,603.00,1,3,0,36,NOW-40M,NOW-36M,NOW-42M,NOW-36M,NOW-36M
340,Computer,1075,2,CMD-GB-201407-0003,FAC-2025-02,506.00,1,3,0,24,NOW-40M,NOW-36M,NOW-42M,NOW-36M,NOW-36M
341,Computer,1076,1,CMD-LD-201407-0003,FAC-2025-01,522.00,1,3,0,36,NOW-40M,NOW-36M,NOW-42M,NOW-36M,NOW-36M
342,Computer,1077,3,CMD-MDN-201407-0004,FAC-2025-03,421.00,1,3,0,36,NOW-40M,NOW-36M,NOW-42M,NOW-36M,NOW-36M
343,Computer,1078,2,CMD-GB-201407-0004,FAC-2025-02,545.00,1,3,0,24,NOW-40M,NOW-36M,NOW-42M,NOW-36M,NOW-36M
344,Computer,1079,1,CMD-LD-201407-0004,FAC-2025-01,351.00,1,3,0,36,NOW-40M,NOW-36M,NOW-42M,NOW-36M,NOW-36M
345,Computer,1080,3,CMD-MDN-201407-0005,FAC-2025-03,508.00,1,3,0,36,NOW-40M,NOW-36M,NOW-42M,NOW-36M,NOW-36M
346,Computer,1081,2,CMD-GB-201407-0005,FAC-2025-02,513.00,1,3,0,24,NOW-40M,NOW-36M,NOW-42M,NOW-36M,NOW-36M
347,Computer,1083,1,CMD-LD-201407-0005,FAC-2025-01,658.00,1,3,0,36,NOW-40M,NOW-36M,NOW-42M,NOW-36M,NOW-36M
348,Computer,1085,3,CMD-MDN-201409-0001,FAC-2025-03,361.00,1,3,0,36,NOW-40M,NOW-36M,NOW-42M,NOW-36M,NOW-36M
349,Computer,1087,2,CMD-GB-201407-0006,FAC-2025-02,379.00,1,3,0,24,NOW-40M,NOW-36M,NOW-42M,NOW-36M,NOW-36M
350,Computer,1088,1,CMD-LD-201409-0001,FAC-2025-01,387.00,1,3,0,36,NOW-40M,NOW-36M,NOW-42M,NOW-36M,NOW-36M
350,Computer,297,1,CMD-LD-201409-0001,FAC-2025-01,387.00,1,3,0,36,NOW-40M,NOW-36M,NOW-42M,NOW-36M,NOW-36M
351,Computer,1089,3,CMD-MDN-201409-0002,FAC-2025-03,515.00,1,3,0,36,NOW-40M,NOW-36M,NOW-42M,NOW-36M,NOW-36M
352,Computer,1090,2,CMD-GB-201409-0001,FAC-2025-02,633.00,1,3,0,24,NOW-40M,NOW-36M,NOW-42M,NOW-36M,NOW-36M
353,Computer,1091,1,CMD-LD-201409-0002,FAC-2025-01,673.00,1,3,0,36,NOW-40M,NOW-36M,NOW-42M,NOW-36M,NOW-36M
354,Computer,1093,3,CMD-MDN-201409-0003,FAC-2025-03,445.00,1,3,0,36,NOW-40M,NOW-36M,NOW-42M,NOW-36M,NOW-36M
355,Computer,1094,2,CMD-GB-201410-0001,FAC-2025-02,374.00,1,3,0,24,NOW-40M,NOW-36M,NOW-42M,NOW-36M,NOW-36M
356,Computer,1095,1,CMD-LD-201410-0001,FAC-2025-01,529.00,1,3,0,36,NOW-40M,NOW-36M,NOW-42M,NOW-36M,NOW-36M
357,Computer,1096,3,CMD-MDN-201410-0001,FAC-2025-03,544.00,1,3,0,36,NOW-40M,NOW-36M,NOW-42M,NOW-36M,NOW-36M
358,Computer,1097,2,CMD-GB-201410-0002,FAC-2025-02,509.00,1,3,0,24,NOW-40M,NOW-36M,NOW-42M,NOW-36M,NOW-36M
359,Computer,1098,1,CMD-LD-201410-0002,FAC-2025-01,457.00,1,3,0,36,NOW-40M,NOW-36M,NOW-42M,NOW-36M,NOW-36M
360,Computer,1099,3,CMD-MDN-201410-0002,FAC-2025-03,495.00,1,3,0,36,NOW-40M,NOW-36M,NOW-42M,NOW-36M,NOW-36M
