id,itemtype,items_id,name,device,mountpoint,filesystems_id,totalsize,freesize
1,computer, 2, "OS", "OS", "C:/", 14, 229688, 192555
2,computer, 2, "HP_RECOVERY", "HP_RECOVERY", "D:/", 14, 8683, 1060
3,computer, 2, "E:/", "DATA", "E:/", 14, 64000,48000
4,computer, 4, "OS", "OS", "C:/", 14, 229688, 191666
5,computer, 4, "HP_RECOVERY", "HP_RECOVERY", "D:/", 14, 8683, 1060
6,computer, 4, "E:/", "DATA", "E:/", 14, 64000,48000
7,computer, 5, "OS", "OS", "C:/", 14, 229688, 192029
8,computer, 5, "HP_RECOVERY", "HP_RECOVERY", "D:/", 14, 8683, 1060
9,computer, 5, "E:/", "DATA", "E:/", 14, 64000,48000
10,computer, 6, "OS", "OS", "C:/", 14, 229688, 192641
11,computer, 6, "HP_RECOVERY", "HP_RECOVERY", "D:/", 14, 8683, 1060
12,computer, 6, "E:/", "DATA", "E:/", 14, 64000,48000
13,computer, 7, "OS", "OS", "C:/", 14, 229688, 192046
14,computer, 7, "HP_RECOVERY", "HP_RECOVERY", "D:/", 14, 8683, 1060
15,computer, 7, "E:/", "DATA", "E:/", 14, 64000,48000
16,computer, 8, "OS", "OS", "C:/", 14, 229688, 193276
17,computer, 8, "HP_RECOVERY", "HP_RECOVERY", "D:/", 14, 8683, 1060
18,computer, 8, "E:/", "DATA", "E:/", 14, 64000,48000
19,computer, 9, "OS", "OS", "C:/", 14, 229688, 191932
20,computer, 9, "HP_RECOVERY", "HP_RECOVERY", "D:/", 14, 8683, 1060
21,computer, 9, "E:/", "DATA", "E:/", 14, 64000,48000
22,computer, 10, "OS", "OS", "C:/", 14, 229688, 192687
23,computer, 10, "HP_RECOVERY", "HP_RECOVERY", "D:/", 14, 8683, 1060
24,computer, 10, "E:/", "DATA", "E:/", 14, 64000,48000
25,computer, 11, "OS", "OS", "C:/", 14, 229688, 192391
26,computer, 11, "HP_RECOVERY", "HP_RECOVERY", "D:/", 14, 8683, 1060
27,computer, 11, "E:/", "DATA", "E:/", 14, 64000,48000
28,computer, 12, "OS", "OS", "C:/", 14, 229688, 190676
29,computer, 12, "HP_RECOVERY", "HP_RECOVERY", "D:/", 14, 8683, 1060
30,computer, 12, "E:/", "DATA", "E:/", 14, 64000,48000
31,computer, 17, "OS", "OS", "C:/", 14, 229688, 194358
32,computer, 17, "HP_RECOVERY", "HP_RECOVERY", "D:/", 14, 8683, 1060
33,computer, 17, "E:/", "DATA", "E:/", 14, 64000,48000
34,computer, 18, "C:/", "", "C:/", 14, 152617, 132790
35,computer, 18, "D:/", "HP_RECOVERY", "D:/", 14, 8406, 8406
36,computer, 19, "C:/", "", "C:/", 14, 76308, 59454
37,computer, 19, "D:/", "HP_RECOVERY", "D:/", 14, 8406, 8406
38,computer, 20, "OS", "OS", "C:/", 14, 229688, 193127
39,computer, 20, "HP_RECOVERY", "HP_RECOVERY", "D:/", 14, 8683, 1060
40,computer, 20, "E:/", "DATA", "E:/", 14, 64000,48000
41,computer, 24, "C:/", "", "C:/", 14, 76308, 59211
42,computer, 24, "D:/", "HP_RECOVERY", "D:/", 14, 8406, 8406
43,computer, 25, "C:/", "", "C:/", 14, 76308, 59729
44,computer, 25, "D:/", "HP_RECOVERY", "D:/", 14, 8406, 8406
45,computer, 26, "C:/", "", "C:/", 14, 76308, 58850
46,computer, 26, "D:/", "HP_RECOVERY", "D:/", 14, 8406, 8406
47,computer, 29, "C:/", "", "C:/", 14, 76308, 59881
48,computer, 29, "D:/", "HP_RECOVERY", "D:/", 14, 8406, 8406
49,computer, 31, "C:/", "", "C:/", 14, 76308, 57676
50,computer, 31, "D:/", "HP_RECOVERY", "D:/", 14, 8406, 8406
51,computer, 32, "OS", "OS", "C:/", 14, 237679, 187709
52,computer, 32, "D:/", "HP_RECOVERY", "D:/", 14, 8406, 8406
53,computer, 35, "OS", "OS", "C:/", 14, 237679, 190547
54,computer, 35, "D:/", "HP_RECOVERY", "D:/", 14, 8406, 8406
55,computer, 35, "E:/", "DATA", "E:/", 14, 64000,48000
56,computer, 37, "OS", "OS", "C:/", 14, 237679, 189467
57,computer, 37, "D:/", "HP_RECOVERY", "D:/", 14, 8406, 8406
58,computer, 38, "OS", "OS", "C:/", 14, 237679, 188870
59,computer, 38, "D:/", "HP_RECOVERY", "D:/", 14, 8406, 8406
60,computer, 39, "OS", "OS", "C:/", 14, 237679, 187622
61,computer, 39, "D:/", "HP_RECOVERY", "D:/", 14, 8406, 8406
62,computer, 40, "OS", "OS", "C:/", 14, 237679, 189553
63,computer, 40, "D:/", "HP_RECOVERY", "D:/", 14, 8406, 8406
64,computer, 42, "OS", "OS", "C:/", 14, 237679, 189542
65,computer, 42, "D:/", "HP_RECOVERY", "D:/", 14, 8406, 8406
66,computer, 43, "C:/", "", "C:/", 14, 152617, 133673
67,computer, 43, "D:/", "HP_RECOVERY", "D:/", 14, 8406, 8406
68,computer, 44, "OS", "OS", "C:/", 14, 237679, 188082
69,computer, 44, "D:/", "HP_RECOVERY", "D:/", 14, 8406, 8406
70,computer, 46, "C:/", "", "C:/", 14, 152617, 132763
71,computer, 46, "D:/", "HP_RECOVERY", "D:/", 14, 8406, 8406
72,computer, 47, "C:/", "", "C:/", 14, 152617, 133333
73,computer, 47, "D:/", "HP_RECOVERY", "D:/", 14, 8406, 8406
74,computer, 52, "C:/", "", "C:/", 14, 76308, 58706
75,computer, 52, "D:/", "HP_RECOVERY", "D:/", 14, 8406, 8406
76,computer, 53, "C:/", "", "C:/", 14, 76308, 58628
77,computer, 53, "D:/", "HP_RECOVERY", "D:/", 14, 8406, 8406
78,computer, 54, "C:/", "", "C:/", 14, 152617, 133286
79,computer, 54, "D:/", "HP_RECOVERY", "D:/", 14, 8406, 8406
80,computer, 60, "C:/", "", "C:/", 14, 76308, 59711
81,computer, 60, "D:/", "HP_RECOVERY", "D:/", 14, 8406, 8406
82,computer, 64, "C:/", "", "C:/", 14, 152617, 134128
83,computer, 64, "D:/", "HP_RECOVERY", "D:/", 14, 8406, 8406
84,computer, 67, "C:/", "", "C:/", 14, 76308, 58393
85,computer, 67, "D:/", "HP_RECOVERY", "D:/", 14, 8406, 8406
86,computer, 71, "C:/", "", "C:/", 14, 76308, 59769
87,computer, 71, "D:/", "HP_RECOVERY", "D:/", 14, 8406, 8406
88,computer, 73, "C:/", "", "C:/", 14, 76308, 60682
89,computer, 73, "D:/", "HP_RECOVERY", "D:/", 14, 8406, 8406
90,computer, 74, "C:/", "", "C:/", 14, 152617, 133059
91,computer, 74, "D:/", "HP_RECOVERY", "D:/", 14, 8406, 8406
92,computer, 75, "C:/", "", "C:/", 14, 152617, 136709
93,computer, 75, "D:/", "HP_RECOVERY", "D:/", 14, 8406, 8406
94,computer, 77, "OS", "OS", "C:/", 14, 237679, 190748
95,computer, 77, "D:/", "HP_RECOVERY", "D:/", 14, 8406, 8406
96,computer, 77, "E:/", "DATA", "E:/", 14, 64000,48000
97,computer, 79, "C:/", "", "C:/", 14, 152617, 133510
98,computer, 79, "D:/", "HP_RECOVERY", "D:/", 14, 8406, 8406
99,computer, 83, "C:/", "", "C:/", 14, 152617, 135535
100,computer, 83, "D:/", "HP_RECOVERY", "D:/", 14, 8406, 8406
101,computer, 84, "C:/", "", "C:/", 14, 152617, 122841
102,computer, 84, "D:/", "HP_RECOVERY", "D:/", 14, 8406, 8406
103,computer, 88, "C:/", "", "C:/", 14, 152617, 134577
104,computer, 88, "D:/", "HP_RECOVERY", "D:/", 14, 8406, 8406
105,computer, 89, "C:/", "", "C:/", 14, 152617, 133203
106,computer, 89, "D:/", "HP_RECOVERY", "D:/", 14, 8406, 8406
107,computer, 91, "C:/", "", "C:/", 14, 76308, 62379
108,computer, 91, "D:/", "HP_RECOVERY", "D:/", 14, 8406, 8406
109,computer, 93, "C:/", "", "C:/", 14, 152617, 129636
110,computer, 93, "D:/", "HP_RECOVERY", "D:/", 14, 8406, 8406
111,computer, 94, "C:/", "", "C:/", 14, 76308, 59156
112,computer, 94, "D:/", "HP_RECOVERY", "D:/", 14, 8406, 8406
113,computer, 95, "C:/", "", "C:/", 14, 152617, 139585
114,computer, 95, "D:/", "HP_RECOVERY", "D:/", 14, 8406, 8406
115,computer, 96, "C:/", "", "C:/", 14, 76308, 64047
116,computer, 96, "D:/", "HP_RECOVERY", "D:/", 14, 8406, 8406
117,computer, 98, "OS", "OS", "C:/", 14, 229965, 190978
118,computer, 98, "HP_RECOVERY", "HP_RECOVERY", "D:/", 14, 8406, 1024
119,computer, 98, "E:/", "DATA", "E:/", 14, 64000,48000
120,computer, 100, "C:/", "", "C:/", 14, 238464, 212971
121,computer, 100, "D:/", "HP_RECOVERY", "D:/", 14, 8406, 8406
122,computer, 100, "E:/", "DATA", "E:/", 14, 64000,48000
123,computer, 101, "C:/", "", "C:/", 14, 76308, 59498
124,computer, 101, "D:/", "HP_RECOVERY", "D:/", 14, 8406, 8406
125,computer, 102, "OS", "OS", "C:/", 14, 236424, 197069
126,computer, 102, "E:/", "DATA", "E:/", 14, 64000,48000
127,computer, 103, "C:/", "", "C:/", 14, 149997, 126290
128,computer, 103, "D:/", "HP_RECOVERY", "D:/", 14, 8406, 8406
129,computer, 104, "C:/", "", "C:/", 14, 149997, 124245
130,computer, 104, "D:/", "HP_RECOVERY", "D:/", 14, 8406, 8406
131,computer, 104, "E:/", "DATA", "E:/", 14, 64000,48000
132,computer, 105, "C:/", "", "C:/", 14, 238464, 218204
133,computer, 105, "D:/", "HP_RECOVERY", "D:/", 14, 8406, 8406
134,computer, 106, "C:/", "", "C:/", 14, 149997, 125376
135,computer, 106, "D:/", "HP_RECOVERY", "D:/", 14, 8406, 8406
136,computer, 106, "E:/", "DATA", "E:/", 14, 64000,48000
137,computer, 107, "C:/", "", "C:/", 14, 76308, 59873
138,computer, 107, "D:/", "HP_RECOVERY", "D:/", 14, 8406, 8406
139,computer, 108, "C:/", "", "C:/", 14, 476929, 466586
140,computer, 108, "D:/", "HP_RECOVERY", "D:/", 14, 8406, 8406
141,computer, 110, "C:/", "", "C:/", 14, 76308, 59027
142,computer, 110, "D:/", "HP_RECOVERY", "D:/", 14, 8406, 8406
143,computer, 112, "C:/", "", "C:/", 14, 152617, 132146
144,computer, 112, "D:/", "HP_RECOVERY", "D:/", 14, 8406, 8406
145,computer, 113, "C:/", "", "C:/", 14, 152617, 132679
146,computer, 113, "D:/", "HP_RECOVERY", "D:/", 14, 8406, 8406
147,computer, 114, "C:/", "", "C:/", 14, 152617, 130883
148,computer, 114, "D:/", "HP_RECOVERY", "D:/", 14, 8406, 8406
149,computer, 115, "C:/", "", "C:/", 14, 152617, 133278
150,computer, 115, "D:/", "HP_RECOVERY", "D:/", 14, 8406, 8406
151,computer, 116, "C:/", "", "C:/", 14, 152617, 132587
152,computer, 116, "D:/", "HP_RECOVERY", "D:/", 14, 8406, 8406
153,computer, 119, "C:/", "", "C:/", 14, 152617, 133938
154,computer, 119, "D:/", "HP_RECOVERY", "D:/", 14, 8406, 8406
155,computer, 120, "C:/", "", "C:/", 14, 149997, 125136
156,computer, 121, "C:/", "", "C:/", 14, 238464, 217616
157,computer, 121, "D:/", "HP_RECOVERY", "D:/", 14, 8406, 8406
158,computer, 122, "C:/", "", "C:/", 14, 238464, 217914
159,computer, 122, "D:/", "HP_RECOVERY", "D:/", 14, 8406, 8406
160,computer, 123, "C:/", "", "C:/", 14, 238464, 217321
161,computer, 123, "D:/", "HP_RECOVERY", "D:/", 14, 8406, 8406
162,computer, 124, "C:/", "", "C:/", 14, 149997, 123014
163,computer, 124, "D:/", "HP_RECOVERY", "D:/", 14, 8406, 8406
164,computer, 124, "E:/", "DATA", "E:/", 14, 64000,48000
165,computer, 125, "OS", "OS", "C:/", 14, 237679, 187517
166,computer, 125, "D:/", "HP_RECOVERY", "D:/", 14, 8406, 8406
167,computer, 126, "C:/", "", "C:/", 14, 149997, 127709
168,computer, 126, "D:/", "HP_RECOVERY", "D:/", 14, 8406, 8406
169,computer, 126, "E:/", "DATA", "E:/", 14, 64000,48000
170,computer, 127, "C:/", "", "C:/", 14, 152617, 131380
171,computer, 127, "D:/", "HP_RECOVERY", "D:/", 14, 8406, 8406
172,computer, 128, "C:/", "", "C:/", 14, 238472, 219160
173,computer, 128, "D:/", "HP_RECOVERY", "D:/", 14, 8406, 8406
174,computer, 128, "E:/", "DATA", "E:/", 14, 64000,48000
175,computer, 129, "C:/", "", "C:/", 14, 238464, 218446
176,computer, 129, "D:/", "HP_RECOVERY", "D:/", 14, 8406, 8406
177,computer, 130, "C:/", "", "C:/", 14, 149997, 123750
178,computer, 130, "D:/", "HP_RECOVERY", "D:/", 14, 8406, 8406
179,computer, 130, "E:/", "DATA", "E:/", 14, 64000,48000
180,computer, 131, "C:/", "", "C:/", 14, 238464, 216916
181,computer, 131, "D:/", "HP_RECOVERY", "D:/", 14, 8406, 8406
182,computer, 132, "C:/", "", "C:/", 14, 149997, 122814
183,computer, 132, "D:/", "HP_RECOVERY", "D:/", 14, 8406, 8406
184,computer, 132, "E:/", "DATA", "E:/", 14, 64000,48000
185,computer, 133, "C:/", "", "C:/", 14, 149997, 122825
186,computer, 133, "D:/", "HP_RECOVERY", "D:/", 14, 8406, 8406
187,computer, 133, "E:/", "DATA", "E:/", 14, 64000,48000
188,computer, 134, "C:/", "", "C:/", 14, 238472, 218804
189,computer, 134, "D:/", "HP_RECOVERY", "D:/", 14, 8406, 8406
190,computer, 134, "E:/", "DATA", "E:/", 14, 64000,48000
191,computer, 135, "OS", "OS", "C:/", 14, 229965, 187171
192,computer, 135, "HP_RECOVERY", "HP_RECOVERY", "D:/", 14, 8406, 1023
193,computer, 135, "E:/", "DATA", "E:/", 14, 64000,48000
194,computer, 137, "OS", "OS", "C:/", 14, 229965, 188363
195,computer, 137, "HP_RECOVERY", "HP_RECOVERY", "D:/", 14, 8406, 1023
196,computer, 137, "E:/", "DATA", "E:/", 14, 64000,48000
197,computer, 138, "OS", "OS", "C:/", 14, 229965, 189034
198,computer, 138, "HP_RECOVERY", "HP_RECOVERY", "D:/", 14, 8406, 1023
199,computer, 138, "E:/", "DATA", "E:/", 14, 64000,48000
200,computer, 139, "OS", "OS", "C:/", 14, 229965, 188565
201,computer, 139, "HP_RECOVERY", "HP_RECOVERY", "D:/", 14, 8406, 985
202,computer, 139, "E:/", "DATA", "E:/", 14, 64000,48000
203,computer, 141, "C:/", "", "C:/", 14, 238464, 218456
204,computer, 141, "D:/", "HP_RECOVERY", "D:/", 14, 8406, 8406
205,computer, 142, "C:/", "", "C:/", 14, 238464, 217703
206,computer, 142, "D:/", "HP_RECOVERY", "D:/", 14, 8406, 8406
207,computer, 143, "C:/", "", "C:/", 14, 76308, 60760
208,computer, 143, "D:/", "HP_RECOVERY", "D:/", 14, 8406, 8406
209,computer, 144, "C:/", "", "C:/", 14, 149997, 126528
210,computer, 144, "D:/", "HP_RECOVERY", "D:/", 14, 8406, 8406
211,computer, 144, "E:/", "DATA", "E:/", 14, 64000,48000
212,computer, 145, "C:/", "", "C:/", 14, 149997, 125926
213,computer, 145, "D:/", "HP_RECOVERY", "D:/", 14, 8406, 8406
214,computer, 145, "E:/", "DATA", "E:/", 14, 64000,48000
215,computer, 146, "C:/", "", "C:/", 14, 149997, 126954
216,computer, 146, "D:/", "HP_RECOVERY", "D:/", 14, 8406, 8406
217,computer, 146, "E:/", "DATA", "E:/", 14, 64000,48000
218,computer, 148, "C:/", "", "C:/", 14, 238464, 218550
219,computer, 148, "D:/", "HP_RECOVERY", "D:/", 14, 8406, 8406
220,computer, 151, "C:/", "", "C:/", 14, 238464, 216386
221,computer, 151, "D:/", "HP_RECOVERY", "D:/", 14, 8406, 8406
222,computer, 153, "C:/", "", "C:/", 14, 238464, 217354
223,computer, 153, "D:/", "HP_RECOVERY", "D:/", 14, 8406, 8406
224,computer, 154, "C:/", "", "C:/", 14, 152617, 129542
225,computer, 154, "D:/", "HP_RECOVERY", "D:/", 14, 8406, 8406
226,computer, 155, "C:/", "", "C:/", 14, 238464, 218887
227,computer, 155, "D:/", "HP_RECOVERY", "D:/", 14, 8406, 8406
228,computer, 156, "C:/", "", "C:/", 14, 149997, 125267
229,computer, 156, "E:/", "DATA", "E:/", 14, 64000,48000
230,computer, 157, "C:/", "", "C:/", 14, 238464, 218639
231,computer, 157, "D:/", "HP_RECOVERY", "D:/", 14, 8406, 8406
232,computer, 158, "C:/", "", "C:/", 14, 238464, 220246
233,computer, 158, "D:/", "HP_RECOVERY", "D:/", 14, 8406, 8406
234,computer, 159, "C:/", "", "C:/", 14, 149997, 126520
235,computer, 159, "E:/", "DATA", "E:/", 14, 64000,48000
236,computer, 160, "C:/", "", "C:/", 14, 76308, 59068
237,computer, 160, "D:/", "HP_RECOVERY", "D:/", 14, 8406, 8406
238,computer, 162, "C:/", "", "C:/", 14, 238464, 218694
239,computer, 162, "D:/", "HP_RECOVERY", "D:/", 14, 8406, 8406
240,computer, 163, "C:/", "", "C:/", 14, 152617, 132737
241,computer, 163, "D:/", "HP_RECOVERY", "D:/", 14, 8406, 8406
242,computer, 164, "C:/", "", "C:/", 14, 238464, 218631
243,computer, 164, "D:/", "HP_RECOVERY", "D:/", 14, 8406, 8406
244,computer, 165, "C:/", "", "C:/", 14, 238464, 216887
245,computer, 165, "D:/", "HP_RECOVERY", "D:/", 14, 8406, 8406
246,computer, 165, "E:/", "DATA", "E:/", 14, 64000,48000
247,computer, 166, "C:/", "", "C:/", 14, 238464, 218914
248,computer, 166, "D:/", "HP_RECOVERY", "D:/", 14, 8406, 8406
249,computer, 167, "OS", "OS", "C:/", 14, 237679, 186996
250,computer, 167, "D:/", "HP_RECOVERY", "D:/", 14, 8406, 8406
251,computer, 168, "C:/", "", "C:/", 14, 238464, 217937
252,computer, 168, "D:/", "HP_RECOVERY", "D:/", 14, 8406, 8406
253,computer, 169, "C:/", "", "C:/", 14, 238464, 217998
254,computer, 169, "D:/", "HP_RECOVERY", "D:/", 14, 8406, 8406
255,computer, 170, "C:/", "", "C:/", 14, 76308, 53887
256,computer, 170, "D:/", "HP_RECOVERY", "D:/", 14, 8406, 8406
257,computer, 171, "C:/", "", "C:/", 14, 238464, 218049
258,computer, 171, "D:/", "HP_RECOVERY", "D:/", 14, 8406, 8406
259,computer, 173, "C:/", "", "C:/", 14, 152617, 133794
260,computer, 173, "D:/", "HP_RECOVERY", "D:/", 14, 8406, 8406
261,computer, 175, "C:/", "", "C:/", 14, 238464, 218343
262,computer, 175, "D:/", "HP_RECOVERY", "D:/", 14, 8406, 8406
263,computer, 176, "C:/", "", "C:/", 14, 152617, 132197
264,computer, 176, "D:/", "HP_RECOVERY", "D:/", 14, 8406, 8406
265,computer, 177, "C:/", "", "C:/", 14, 238464, 217833
266,computer, 177, "D:/", "HP_RECOVERY", "D:/", 14, 8406, 8406
267,computer, 178, "C:/", "", "C:/", 14, 152617, 131548
268,computer, 178, "D:/", "HP_RECOVERY", "D:/", 14, 8406, 8406
269,computer, 180, "C:/", "", "C:/", 14, 152617, 133563
270,computer, 180, "D:/", "HP_RECOVERY", "D:/", 14, 8406, 8406
271,computer, 181, "C:/", "", "C:/", 14, 76308, 55951
272,computer, 181, "D:/", "HP_RECOVERY", "D:/", 14, 8406, 8406
273,computer, 182, "C:/", "", "C:/", 14, 76308, 51101
274,computer, 182, "D:/", "HP_RECOVERY", "D:/", 14, 8406, 8406
275,computer, 186, "C:/", "", "C:/", 14, 152617, 131140
276,computer, 186, "D:/", "HP_RECOVERY", "D:/", 14, 8406, 8406
277,computer, 187, "C:/", "", "C:/", 14, 76308, 59968
278,computer, 187, "D:/", "HP_RECOVERY", "D:/", 14, 8406, 8406
279,computer, 190, "C:/", "", "C:/", 14, 152617, 133103
280,computer, 190, "D:/", "HP_RECOVERY", "D:/", 14, 8406, 8406
281,computer, 191, "C:/", "", "C:/", 14, 76308, 61557
282,computer, 191, "D:/", "HP_RECOVERY", "D:/", 14, 8406, 8406
283,computer, 192, "C:/", "", "C:/", 14, 76308, 60106
284,computer, 192, "D:/", "HP_RECOVERY", "D:/", 14, 8406, 8406
285,computer, 192, "E:/", "DATA", "E:/", 14, 64000,48000
286,computer, 192, "F:/", "", "F:/", "0", 0, 0
287,computer, 192, "G:/", "", "G:/", "0", 0, 0
288,computer, 193, "C:/", "", "C:/", 14, 476929, 468301
289,computer, 193, "D:/", "HP_RECOVERY", "D:/", 14, 8406, 8406
290,computer, 195, "C:/", "", "C:/", 14, 152617, 132692
291,computer, 195, "D:/", "HP_RECOVERY", "D:/", 14, 8406, 8406
292,computer, 201, "C:/", "", "C:/", 14, 76308, 57211
293,computer, 201, "D:/", "HP_RECOVERY", "D:/", 14, 8406, 8406
294,computer, 202, "OS", "OS", "C:/", 14, 236424, 193507
295,computer, 202, "E:/", "DATA", "E:/", 14, 64000,48000
296,computer, 204, "C:/", "", "C:/", 14, 238464, 215813
297,computer, 204, "D:/", "HP_RECOVERY", "D:/", 14, 8406, 8406
298,computer, 206, "C:/", "", "C:/", 14, 76308, 59823
299,computer, 206, "D:/", "HP_RECOVERY", "D:/", 14, 8406, 8406
300,computer, 208, "C:/", "", "C:/", 14, 152617, 132449
301,computer, 208, "D:/", "HP_RECOVERY", "D:/", 14, 8406, 8406
302,computer, 211, "C:/", "", "C:/", 14, 76308, 59862
303,computer, 211, "D:/", "HP_RECOVERY", "D:/", 14, 8406, 8406
304,computer, 213, "C:/", "", "C:/", 14, 76308, 59470
305,computer, 213, "D:/", "HP_RECOVERY", "D:/", 14, 8406, 8406
306,computer, 214, "C:/", "", "C:/", 14, 238464, 218602
307,computer, 215, "C:/", "", "C:/", 14, 76308, 64681
308,computer, 215, "D:/", "HP_RECOVERY", "D:/", 14, 8406, 8406
309,computer, 218, "C:/", "", "C:/", 14, 238464, 218018
310,computer, 218, "D:/", "HP_RECOVERY", "D:/", 14, 8406, 8406
311,computer, 219, "C:/", "", "C:/", 14, 76308, 64202
312,computer, 219, "D:/", "HP_RECOVERY", "D:/", 14, 8406, 8406
313,computer, 224, "C:/", "", "C:/", 14, 238464, 218108
314,computer, 224, "D:/", "HP_RECOVERY", "D:/", 14, 8406, 8406
315,computer, 232, "C:/", "", "C:/", 14, 76308, 64773
316,computer, 232, "D:/", "HP_RECOVERY", "D:/", 14, 8406, 8406
317,computer, 240, "C:/", "", "C:/", 14, 76308, 59403
318,computer, 240, "D:/", "HP_RECOVERY", "D:/", 14, 8406, 8406
319,computer, 242, "C:/", "", "C:/", 14, 238464, 217825
320,computer, 242, "D:/", "HP_RECOVERY", "D:/", 14, 8406, 8406
321,computer, 243, "C:/", "", "C:/", 14, 238464, 217995
322,computer, 243, "D:/", "HP_RECOVERY", "D:/", 14, 8406, 8406
323,computer, 244, "C:/", "", "C:/", 14, 238464, 217931
324,computer, 244, "D:/", "HP_RECOVERY", "D:/", 14, 8406, 8406
325,computer, 246, "C:/", "", "C:/", 14, 152617, 131776
326,computer, 246, "D:/", "HP_RECOVERY", "D:/", 14, 8406, 8406
327,computer, 247, "C:/", "", "C:/", 14, 238464, 218305
328,computer, 247, "D:/", "HP_RECOVERY", "D:/", 14, 8406, 8406
329,computer, 248, "C:/", "", "C:/", 14, 152617, 133403
330,computer, 248, "D:/", "HP_RECOVERY", "D:/", 14, 8406, 8406
331,computer, 249, "C:/", "", "C:/", 14, 152617, 133225
332,computer, 249, "D:/", "HP_RECOVERY", "D:/", 14, 8406, 8406
333,computer, 251, "C:/", "", "C:/", 14, 76308, 62903
334,computer, 251, "D:/", "HP_RECOVERY", "D:/", 14, 8406, 8406
335,computer, 254, "C:/", "", "C:/", 14, 152617, 133755
336,computer, 254, "D:/", "HP_RECOVERY", "D:/", 14, 8406, 8406
337,computer, 255, "C:/", "", "C:/", 14, 76308, 59696
338,computer, 255, "D:/", "HP_RECOVERY", "D:/", 14, 8406, 8406
339,computer, 258, "C:/", "", "C:/", 14, 76308, 63897
340,computer, 258, "D:/", "HP_RECOVERY", "D:/", 14, 8406, 8406
341,computer, 262, "C:/", "", "C:/", 14, 152617, 131265
342,computer, 262, "D:/", "HP_RECOVERY", "D:/", 14, 8406, 8406
343,computer, 263, "C:/", "", "C:/", 14, 238464, 219118
344,computer, 263, "D:/", "HP_RECOVERY", "D:/", 14, 8406, 8406
345,computer, 264, "C:/", "", "C:/", 14, 238464, 217967
346,computer, 264, "D:/", "HP_RECOVERY", "D:/", 14, 8406, 8406
347,computer, 265, "C:/", "", "C:/", 14, 152617, 132294
348,computer, 265, "D:/", "HP_RECOVERY", "D:/", 14, 8406, 8406
349,computer, 266, "C:/", "", "C:/", 14, 152617, 132296
350,computer, 266, "D:/", "HP_RECOVERY", "D:/", 14, 8406, 8406
351,computer, 267, "C:/", "", "C:/", 14, 76308, 59538
352,computer, 267, "D:/", "HP_RECOVERY", "D:/", 14, 8406, 8406
353,computer, 268, "C:/", "", "C:/", 14, 238464, 218114
354,computer, 271, "C:/", "", "C:/", 14, 76308, 57044
355,computer, 271, "D:/", "HP_RECOVERY", "D:/", 14, 8406, 8406
356,computer, 273, "C:/", "", "C:/", 14, 152617, 141581
357,computer, 273, "D:/", "HP_RECOVERY", "D:/", 14, 8406, 8406
358,computer, 285, "C:/", "", "C:/", 14, 76308, 42937
359,computer, 285, "D:/", "HP_RECOVERY", "D:/", 14, 8406, 8406
360,computer, 286, "C:/", "", "C:/", 14, 152617, 141333
361,computer, 286, "D:/", "HP_RECOVERY", "D:/", 14, 8406, 8406
362,computer, 286, "E:/", "DATA", "E:/", 14, 64000,48000
363,computer, 288, "C:/", "", "C:/", 14, 149997, 127059
364,computer, 288, "D:/", "HP_RECOVERY", "D:/", 14, 8406, 8406
365,computer, 288, "E:/", "DATA", "E:/", 14, 64000,48000
366,computer, 290, "C:/", "", "C:/", 14, 76308, 58731
367,computer, 290, "D:/", "HP_RECOVERY", "D:/", 14, 8406, 8406
368,computer, 291, "C:/", "", "C:/", 14, 76308, 62864
369,computer, 291, "D:/", "HP_RECOVERY", "D:/", 14, 8406, 8406
370,computer, 292, "C:/", "", "C:/", 14, 76308, 59772
371,computer, 292, "D:/", "HP_RECOVERY", "D:/", 14, 8406, 8406
372,computer, 294, "C:/", "", "C:/", 14, 76308, 60426
373,computer, 294, "D:/", "HP_RECOVERY", "D:/", 14, 8406, 8406
374,computer, 295, "C:/", "", "C:/", 14, 76308, 59650
375,computer, 295, "D:/", "HP_RECOVERY", "D:/", 14, 8406, 8406
376,computer, 296, "C:/", "", "C:/", 14, 76308, 62076
377,computer, 296, "D:/", "HP_RECOVERY", "D:/", 14, 8406, 8406
378,computer, 297, "C:/", "", "C:/", 14, 152617, 131244
379,computer, 297, "D:/", "HP_RECOVERY", "D:/", 14, 8406, 8406
380,computer, 297, "E:/", "DATA", "E:/", 14, 64000,48000
381,computer, 302, "C:/", "", "C:/", 14, 152617, 141675
382,computer, 302, "D:/", "HP_RECOVERY", "D:/", 14, 8406, 8406
383,computer, 303, "C:/", "", "C:/", 14, 152617, 127957
384,computer, 303, "D:/", "HP_RECOVERY", "D:/", 14, 8406, 8406
385,computer, 308, "C:/", "", "C:/", 14, 76308, 61962
386,computer, 308, "D:/", "HP_RECOVERY", "D:/", 14, 8406, 8406
387,computer, 308, "//se3/admin", "//se3/admin", "K:/", 14, 0, 0
388,computer, 308, "//se3/Classes", "//se3/Classes", "U:/", 14, 0, 0
389,computer, 308, "//se3/Docs", "//se3/Docs", "V:/", 14, 0, 0
390,computer, 308, "//se3/Progs", "//se3/Progs", "W:/", 14, 0, 0
391,computer, 308, "//se3/admhomes", "//se3/admhomes", "X:/", 14, 0, 0
392,computer, 308, "//se3/admse3", "//se3/admse3", "Y:/", 14, 0, 0
393,computer, 311, "C:/", "", "C:/", 14, 76308, 66808
394,computer, 311, "D:/", "HP_RECOVERY", "D:/", 14, 8406, 8406
395,computer, 314, "C:/", "", "C:/", 14, 76308, 61339
396,computer, 314, "D:/", "HP_RECOVERY", "D:/", 14, 8406, 8406
397,computer, 316, "C:/", "", "C:/", 14, 152617, 131210
398,computer, 316, "D:/", "HP_RECOVERY", "D:/", 14, 8406, 8406
399,computer, 319, "C:/", "", "C:/", 14, 76308, 62026
400,computer, 319, "D:/", "HP_RECOVERY", "D:/", 14, 8406, 8406
401,computer, 322, "C:/", "", "C:/", 14, 152617, 137095
402,computer, 322, "D:/", "HP_RECOVERY", "D:/", 14, 8406, 8406
403,computer, 325, "C:/", "", "C:/", 14, 76308, 61307
404,computer, 325, "D:/", "HP_RECOVERY", "D:/", 14, 8406, 8406
405,computer, 326, "C:/", "", "C:/", 14, 76308, 61167
406,computer, 326, "D:/", "HP_RECOVERY", "D:/", 14, 8406, 8406
407,computer, 332, "C:/", "", "C:/", 14, 152617, 132418
408,computer, 332, "D:/", "HP_RECOVERY", "D:/", 14, 8406, 8406
409,computer, 348, "OS", "OS", "C:/", 14, 230005, 192809
410,computer, 348, "HP_RECOVERY", "HP_RECOVERY", "D:/", 14, 8262, 903
411,computer, 348, "E:/", "DATA", "E:/", 14, 64000,48000
412,computer, 349, "OS", "OS", "C:/", 14, 230005, 193390
413,computer, 349, "HP_RECOVERY", "HP_RECOVERY", "D:/", 14, 8262, 903
414,computer, 349, "E:/", "DATA", "E:/", 14, 64000,48000
415,computer, 350, "OS", "OS", "C:/", 14, 230005, 193801
416,computer, 350, "HP_RECOVERY", "HP_RECOVERY", "D:/", 14, 8262, 903
417,computer, 350, "E:/", "DATA", "E:/", 14, 64000,48000
418,computer, 353, "OS", "OS", "C:/", 14, 230005, 194048
419,computer, 353, "HP_RECOVERY", "HP_RECOVERY", "D:/", 14, 8262, 903
420,computer, 353, "E:/", "DATA", "E:/", 14, 64000,48000
421,computer, 354, "OS", "OS", "C:/", 14, 230005, 193110
422,computer, 354, "HP_RECOVERY", "HP_RECOVERY", "D:/", 14, 8262, 903
423,computer, 354, "E:/", "DATA", "E:/", 14, 64000,48000
424,computer, 355, "OS", "OS", "C:/", 14, 230005, 194054
425,computer, 355, "HP_RECOVERY", "HP_RECOVERY", "D:/", 14, 8262, 903
426,computer, 355, "E:/", "DATA", "E:/", 14, 64000,48000
427,computer, 356, "OS", "OS", "C:/", 14, 230005, 193236
428,computer, 356, "HP_RECOVERY", "HP_RECOVERY", "D:/", 14, 8262, 903
429,computer, 356, "E:/", "DATA", "E:/", 14, 64000,48000
430,computer, 357, "OS", "OS", "C:/", 14, 230005, 192755
431,computer, 357, "HP_RECOVERY", "HP_RECOVERY", "D:/", 14, 8262, 903
432,computer, 357, "E:/", "DATA", "E:/", 14, 64000,48000
433,computer, 359, "C:/", "", "C:/", 14, 152617, 133107
434,computer, 359, "D:/", "HP_RECOVERY", "D:/", 14, 8406, 8406
435,computer, 360, "C:/", "", "C:/", 14, 152617, 132806
436,computer, 360, "D:/", "HP_RECOVERY", "D:/", 14, 8406, 8406
437,computer, 361, "C:/", "", "C:/", 14, 152617, 137414
438,computer, 361, "D:/", "HP_RECOVERY", "D:/", 14, 8406, 8406
439,computer, 363, "C:/", "", "C:/", 14, 76308, 59309
440,computer, 363, "D:/", "HP_RECOVERY", "D:/", 14, 8406, 8406
441,computer, 379, "OS", "OS", "C:/", 14, 236424, 191654
442,computer, 379, "E:/", "DATA", "E:/", 14, 64000,48000
443,computer, 380, "C:/", "", "C:/", 14, 76308, 61369
444,computer, 380, "D:/", "HP_RECOVERY", "D:/", 14, 8406, 8406
445,computer, 380, "//se3/admin", "//se3/admin", "K:/", 14, 0, 0
446,computer, 380, "//se3/Classes", "//se3/Classes", "U:/", 14, 0, 0
447,computer, 380, "//se3/Docs", "//se3/Docs", "V:/", 14, 0, 0
448,computer, 380, "//se3/Progs", "//se3/Progs", "W:/", 14, 0, 0
449,computer, 380, "//se3/admhomes", "//se3/admhomes", "X:/", 14, 0, 0
450,computer, 380, "//se3/admse3", "//se3/admse3", "Y:/", 14, 0, 0
451,computer, 381, "C:/", "", "C:/", 14, 76308, 62002
452,computer, 381, "D:/", "HP_RECOVERY", "D:/", 14, 8406, 8406
453,computer, 381, "//se3/admin", "//se3/admin", "K:/", 14, 0, 0
454,computer, 381, "//se3/Classes", "//se3/Classes", "U:/", 14, 0, 0
455,computer, 381, "//se3/Docs", "//se3/Docs", "V:/", 14, 0, 0
456,computer, 381, "//se3/Progs", "//se3/Progs", "W:/", 14, 0, 0
457,computer, 381, "//se3/admhomes", "//se3/admhomes", "X:/", 14, 0, 0
458,computer, 381, "//se3/admse3", "//se3/admse3", "Y:/", 14, 0, 0
459,computer, 382, "C:/", "", "C:/", 14, 76308, 61292
460,computer, 382, "D:/", "HP_RECOVERY", "D:/", 14, 8406, 8406
461,computer, 382, "//se3/admin", "//se3/admin", "K:/", 14, 0, 0
462,computer, 382, "//se3/Classes", "//se3/Classes", "U:/", 14, 0, 0
463,computer, 382, "//se3/Docs", "//se3/Docs", "V:/", 14, 0, 0
464,computer, 382, "//se3/Progs", "//se3/Progs", "W:/", 14, 0, 0
465,computer, 382, "//se3/admhomes", "//se3/admhomes", "X:/", 14, 0, 0
466,computer, 382, "//se3/admse3", "//se3/admse3", "Y:/", 14, 0, 0
467,computer, 383, "A:/", "", "A:/", "0", 0, 0
468,computer, 383, "C:/", "", "C:/", 14, 76308, 64823
469,computer, 383, "D:/", "HP_RECOVERY", "D:/", 14, 8406, 8406
470,computer, 384, "OS", "OS", "C:/", 14, 236424, 194424
471,computer, 384, "E:/", "DATA", "E:/", 14, 64000,48000
472,computer, 385, "OS", "OS", "C:/", 14, 236424, 187421
473,computer, 385, "E:/", "DATA", "E:/", 14, 64000,48000
474,computer, 386, "OS", "OS", "C:/", 14, 236424, 194777
475,computer, 386, "E:/", "DATA", "E:/", 14, 64000,48000
476,computer, 387, "OS", "OS", "C:/", 14, 236424, 196076
477,computer, 387, "E:/", "DATA", "E:/", 14, 64000,48000
478,computer, 389, "OS", "OS", "C:/", 14, 236424, 193974
479,computer, 389, "E:/", "DATA", "E:/", 14, 64000,48000
480,computer, 391, "OS", "OS", "C:/", 14, 229688, 192793
481,computer, 391, "HP_RECOVERY", "HP_RECOVERY", "D:/", 14, 8683, 1060
482,computer, 391, "E:/", "DATA", "E:/", 14, 64000,48000
483,computer, 397, "C:/", "", "C:/", 14, 76308, 61548
484,computer, 397, "D:/", "HP_RECOVERY", "D:/", 14, 8406, 8406
485,computer, 398, "OS", "OS", "C:/", 14, 236424, 193526
486,computer, 398, "E:/", "DATA", "E:/", 14, 64000,48000
487,computer, 399, "OS", "OS", "C:/", 14, 236424, 194309
488,computer, 399, "E:/", "DATA", "E:/", 14, 64000,48000
489,computer, 400, "OS", "OS", "C:/", 14, 236424, 193822
490,computer, 400, "E:/", "DATA", "E:/", 14, 64000,48000
491,computer, 401, "OS", "OS", "C:/", 14, 236424, 194563
492,computer, 401, "E:/", "DATA", "E:/", 14, 64000,48000
493,computer, 402, "OS", "OS", "C:/", 14, 236424, 194758
494,computer, 402, "E:/", "DATA", "E:/", 14, 64000,48000
495,computer, 403, "OS", "OS", "C:/", 14, 236424, 192577
496,computer, 403, "E:/", "DATA", "E:/", 14, 64000,48000
497,computer, 404, "OS", "OS", "C:/", 14, 236424, 194327
498,computer, 404, "E:/", "DATA", "E:/", 14, 64000,48000
499,computer, 423, "C:/", "", "C:/", 14, 152617, 136558
500,computer, 423, "D:/", "HP_RECOVERY", "D:/", 14, 8406, 8406
501,computer, 426, "C:/", "", "C:/", 14, 152617, 135504
502,computer, 426, "D:/", "HP_RECOVERY", "D:/", 14, 8406, 8406
503,computer, 428, "OS", "OS", "C:/", 14, 237679, 188325
504,computer, 428, "D:/", "HP_RECOVERY", "D:/", 14, 8406, 8406
505,computer, 445, "C:/", "", "C:/", 14, 76308, 48943
506,computer, 445, "D:/", "HP_RECOVERY", "D:/", 14, 8406, 8406
507,computer, 446, "C:/", "", "C:/", 14, 76308, 51801
508,computer, 446, "D:/", "HP_RECOVERY", "D:/", 14, 8406, 8406
509,computer, 447, "C:/", "", "C:/", 14, 76308, 53985
510,computer, 447, "D:/", "HP_RECOVERY", "D:/", 14, 8406, 8406
511,computer, 450, "C:/", "", "C:/", 14, 152617, 133037
512,computer, 450, "D:/", "HP_RECOVERY", "D:/", 14, 8406, 8406
513,computer, 451, "C:/", "", "C:/", 14, 76308, 38106
514,computer, 451, "D:/", "HP_RECOVERY", "D:/", 14, 8406, 8406
515,computer, 455, "C:/", "", "C:/", 14, 152617, 133615
516,computer, 455, "D:/", "HP_RECOVERY", "D:/", 14, 8406, 8406
517,computer, 460, "OS", "OS", "C:/", 14, 237679, 186226
518,computer, 460, "D:/", "HP_RECOVERY", "D:/", 14, 8406, 8406
519,computer, 461, "OS", "OS", "C:/", 14, 237679, 184483
520,computer, 461, "D:/", "HP_RECOVERY", "D:/", 14, 8406, 8406
521,computer, 462, "OS", "OS", "C:/", 14, 230005, 193264
522,computer, 462, "HP_RECOVERY", "HP_RECOVERY", "D:/", 14, 8262, 903
523,computer, 462, "E:/", "DATA", "E:/", 14, 64000,48000
524,computer, 463, "C:/", "", "C:/", 14, 76308, 58853
525,computer, 463, "D:/", "HP_RECOVERY", "D:/", 14, 8406, 8406
526,computer, 468, "OS", "OS", "C:/", 14, 943399, 885867
527,computer, 468, "HP_RECOVERY", "HP_RECOVERY", "E:/", 14, 9566, 1060
528,computer, 468, "F:/", "", "F:/", "0", 0, 0
529,computer, 470, "OS", "OS", "C:/", 14, 943394, 914310
530,computer, 470, "HP_RECOVERY", "HP_RECOVERY", "E:/", 14, 9563, 1066
531,computer, 470, "F:/", "", "F:/", "0", 0, 0
532,computer, 471, "OS", "OS", "C:/", 14, 943399, 883530
533,computer, 471, "HP_RECOVERY", "HP_RECOVERY", "D:/", 14, 9566, 1070
534,computer, 471, "F:/", "", "F:/", "0", 0, 0
535,computer, 472, "OS", "OS", "C:/", 14, 943400, 884476
536,computer, 472, "HP_RECOVERY", "HP_RECOVERY", "D:/", 14, 9565, 1070
537,computer, 472, "F:/", "", "F:/", "0", 0, 0
538,computer, 473, "OS", "OS", "C:/", 14, 943399, 883240
539,computer, 473, "HP_RECOVERY", "HP_RECOVERY", "D:/", 14, 9566, 1070
540,computer, 473, "F:/", "", "F:/", "0", 0, 0
541,computer, 474, "OS", "OS", "C:/", 14, 943399, 886262
542,computer, 474, "HP_RECOVERY", "HP_RECOVERY", "D:/", 14, 9566, 1070
543,computer, 474, "F:/", "", "F:/", "0", 0, 0
544,computer, 475, "OS", "OS", "C:/", 14, 943394, 885892
545,computer, 475, "HP_RECOVERY", "HP_RECOVERY", "D:/", 14, 9563, 1066
546,computer, 475, "F:/", "", "F:/", "0", 0, 0
547,computer, 476, "OS", "OS", "C:/", 14, 943399, 884131
548,computer, 476, "HP_RECOVERY", "HP_RECOVERY", "D:/", 14, 9566, 1070
549,computer, 476, "F:/", "", "F:/", "0", 0, 0
550,computer, 477, "OS", "OS", "C:/", 14, 943399, 883387
551,computer, 477, "HP_RECOVERY", "HP_RECOVERY", "D:/", 14, 9566, 1070
552,computer, 477, "F:/", "", "F:/", "0", 0, 0
553,computer, 478, "OS", "OS", "C:/", 14, 943399, 885187
554,computer, 478, "HP_RECOVERY", "HP_RECOVERY", "D:/", 14, 9566, 1070
555,computer, 478, "F:/", "", "F:/", "0", 0, 0
556,computer, 479, "OS", "OS", "C:/", 14, 943397, 888522
557,computer, 479, "HP_RECOVERY", "HP_RECOVERY", "D:/", 14, 9568, 1071
558,computer, 479, "E:/", "DATA", "E:/", 14, 64000,48000
559,computer, 480, "OS", "OS", "C:/", 14, 943399, 883273
560,computer, 480, "HP_RECOVERY", "HP_RECOVERY", "D:/", 14, 9566, 1070
561,computer, 480, "F:/", "", "F:/", "0", 0, 0
562,computer, 481, "OS", "OS", "C:/", 14, 943399, 915407
563,computer, 481, "HP_RECOVERY", "HP_RECOVERY", "E:/", 14, 9566, 1070
564,computer, 481, "F:/", "", "F:/", "0", 0, 0
565,computer, 482, "OS", "OS", "C:/", 14, 943394, 870954
566,computer, 482, "HP_RECOVERY", "HP_RECOVERY", "D:/", 14, 9563, 1067
567,computer, 482, "F:/", "", "F:/", "0", 0, 0
568,computer, 484, "C:/", "", "C:/", 14, 76308, 52744
569,computer, 484, "D:/", "HP_RECOVERY", "D:/", 14, 8406, 8406
570,computer, 485, "C:/", "", "C:/", 14, 76308, 53086
571,computer, 485, "D:/", "HP_RECOVERY", "D:/", 14, 8406, 8406
572,computer, 488, "OS", "OS", "C:/", 14, 943399, 883131
573,computer, 488, "HP_RECOVERY", "HP_RECOVERY", "E:/", 14, 9566, 1055
574,computer, 488, "F:/", "", "F:/", "0", 0, 0
575,computer, 496, "OS", "OS", "C:/", 14, 943399, 914380
576,computer, 496, "HP_RECOVERY", "HP_RECOVERY", "E:/", 14, 9566, 1070
577,computer, 496, "F:/", "", "F:/", "0", 0, 0
578,computer, 500, "OS", "OS", "C:/", 14, 236424, 197446
579,computer, 500, "E:/", "DATA", "E:/", 14, 64000,48000
580,computer, 508, "OS", "OS", "C:/", 14, 943397, 881912
581,computer, 508, "HP_RECOVERY", "HP_RECOVERY", "D:/", 14, 9568, 1071
582,computer, 508, "F:/", "", "F:/", "0", 0, 0
583,computer, 518, "OS", "OS", "C:/", 14, 943397, 869922
584,computer, 518, "HP_RECOVERY", "HP_RECOVERY", "D:/", 14, 9568, 1071
585,computer, 518, "E:/", "DATA", "E:/", 14, 64000,48000
586,computer, 518, "DURAND320Go", "DURAND320Go", "F:/", 14, 305242, 235700
587,computer, 527, "OS", "OS", "C:/", 14, 943399, 879676
588,computer, 527, "HP_RECOVERY", "HP_RECOVERY", "E:/", 14, 9566, 1060
589,computer, 527, "F:/", "", "F:/", "0", 0, 0
590,computer, 527, "G:/", "", "G:/", "0", 0, 0
591,computer, 528, "OS", "OS", "C:/", 14, 943399, 882252
592,computer, 528, "HP_RECOVERY", "HP_RECOVERY", "D:/", 14, 9566, 1070
593,computer, 528, "F:/", "", "F:/", "0", 0, 0
594,computer, 529, "OS", "OS", "C:/", 14, 943399, 881840
595,computer, 529, "HP_RECOVERY", "HP_RECOVERY", "E:/", 14, 9566, 1060
596,computer, 529, "F:/", "", "F:/", "0", 0, 0
597,computer, 530, "OS", "OS", "C:/", 14, 943399, 882771
598,computer, 530, "HP_RECOVERY", "HP_RECOVERY", "D:/", 14, 9566, 1058
599,computer, 530, "F:/", "", "F:/", "0", 0, 0
600,computer, 531, "C:/", "", "C:/", 14, 76308, 54260
601,computer, 532, "OS", "OS", "C:/", 14, 463532, 393491
602,computer, 532, "D:/", "HP_RECOVERY", "D:/", 14, 8406, 8406
603,computer, 532, "E:/", "DATA", "E:/", 14, 64000,48000
604,computer, 532, "F:/", "", "F:/", "0", 0, 0
605,computer, 532, "G:/", "", "G:/", "0", 0, 0
606,computer, 532, "H:/", "", "H:/", "0", 0, 0
607,computer, 533, "OS", "OS", "C:/", 14, 463532, 390318
608,computer, 533, "D:/", "HP_RECOVERY", "D:/", 14, 8406, 8406
609,computer, 533, "E:/", "DATA", "E:/", 14, 64000,48000
610,computer, 533, "F:/", "", "F:/", "0", 0, 0
611,computer, 533, "G:/", "", "G:/", "0", 0, 0
612,computer, 533, "H:/", "", "H:/", "0", 0, 0
613,computer, 536, "OS", "OS", "C:/", 14, 463532, 392489
614,computer, 536, "D:/", "HP_RECOVERY", "D:/", 14, 8406, 8406
615,computer, 536, "E:/", "DATA", "E:/", 14, 64000,48000
616,computer, 536, "F:/", "", "F:/", "0", 0, 0
617,computer, 536, "G:/", "", "G:/", "0", 0, 0
618,computer, 536, "H:/", "", "H:/", "0", 0, 0
619,computer, 538, "OS", "OS", "C:/", 14, 463532, 393383
620,computer, 538, "D:/", "HP_RECOVERY", "D:/", 14, 8406, 8406
621,computer, 538, "E:/", "DATA", "E:/", 14, 64000,48000
622,computer, 538, "F:/", "", "F:/", "0", 0, 0
623,computer, 538, "G:/", "", "G:/", "0", 0, 0
624,computer, 538, "H:/", "", "H:/", "0", 0, 0
625,computer, 540, "OS", "OS", "C:/", 14, 463532, 383415
626,computer, 540, "D:/", "HP_RECOVERY", "D:/", 14, 8406, 8406
627,computer, 540, "E:/", "DATA", "E:/", 14, 64000,48000
628,computer, 540, "F:/", "", "F:/", "0", 0, 0
629,computer, 540, "G:/", "", "G:/", "0", 0, 0
630,computer, 540, "H:/", "", "H:/", "0", 0, 0
631,computer, 541, "C:/", "", "C:/", 14, 76308, 51640
632,computer, 541, "D:/", "HP_RECOVERY", "D:/", 14, 8406, 8406
633,computer, 541, "E:/", "DATA", "E:/", 14, 64000,48000
634,computer, 548, "OS", "OS", "C:/", 14, 230157, 194295
635,computer, 548, "HP_RECOVERY", "HP_RECOVERY", "D:/", 14, 8110, 884
636,computer, 548, "E:/", "DATA", "E:/", 14, 64000,48000
637,computer, 549, "OS", "OS", "C:/", 14, 230157, 192530
638,computer, 549, "HP_RECOVERY", "HP_RECOVERY", "D:/", 14, 8110, 884
639,computer, 549, "E:/", "DATA", "E:/", 14, 64000,48000
640,computer, 550, "OS", "OS", "C:/", 14, 943399, 882942
641,computer, 550, "HP_RECOVERY", "HP_RECOVERY", "D:/", 14, 9566, 1030
642,computer, 550, "F:/", "", "F:/", "0", 0, 0
643,computer, 551, "OS", "OS", "C:/", 14, 463532, 390188
644,computer, 551, "D:/", "HP_RECOVERY", "D:/", 14, 8406, 8406
645,computer, 551, "E:/", "DATA", "E:/", 14, 64000,48000
646,computer, 551, "F:/", "", "F:/", "0", 0, 0
647,computer, 551, "G:/", "", "G:/", "0", 0, 0
648,computer, 551, "H:/", "", "H:/", "0", 0, 0
649,computer, 553, "OS", "OS", "C:/", 14, 230157, 191861
650,computer, 553, "HP_RECOVERY", "HP_RECOVERY", "D:/", 14, 8110, 883
651,computer, 553, "E:/", "DATA", "E:/", 14, 64000,48000
652,computer, 554, "C:/", "", "C:/", 14, 76308, 53291
653,computer, 554, "D:/", "HP_RECOVERY", "D:/", 14, 8406, 8406
654,computer, 555, "OS", "OS", "C:/", 14, 463532, 390447
655,computer, 555, "D:/", "HP_RECOVERY", "D:/", 14, 8406, 8406
656,computer, 555, "E:/", "DATA", "E:/", 14, 64000,48000
657,computer, 555, "F:/", "", "F:/", "0", 0, 0
658,computer, 555, "G:/", "", "G:/", "0", 0, 0
659,computer, 555, "H:/", "", "H:/", "0", 0, 0
660,computer, 556, "OS", "OS", "C:/", 14, 463532, 378260
661,computer, 556, "D:/", "HP_RECOVERY", "D:/", 14, 8406, 8406
662,computer, 556, "E:/", "DATA", "E:/", 14, 64000,48000
663,computer, 556, "F:/", "", "F:/", "0", 0, 0
664,computer, 556, "G:/", "", "G:/", "0", 0, 0
665,computer, 556, "H:/", "", "H:/", "0", 0, 0
666,computer, 557, "OS", "OS", "C:/", 14, 463532, 390546
667,computer, 557, "D:/", "HP_RECOVERY", "D:/", 14, 8406, 8406
668,computer, 557, "E:/", "DATA", "E:/", 14, 64000,48000
669,computer, 557, "F:/", "", "F:/", "0", 0, 0
670,computer, 557, "G:/", "", "G:/", "0", 0, 0
671,computer, 557, "H:/", "", "H:/", "0", 0, 0
672,computer, 559, "OS", "OS", "C:/", 14, 230157, 191548
673,computer, 559, "HP_RECOVERY", "HP_RECOVERY", "D:/", 14, 8110, 521
674,computer, 559, "E:/", "DATA", "E:/", 14, 64000,48000
675,computer, 561, "OS", "OS", "C:/", 14, 463532, 388891
676,computer, 561, "D:/", "HP_RECOVERY", "D:/", 14, 8406, 8406
677,computer, 561, "E:/", "DATA", "E:/", 14, 64000,48000
678,computer, 561, "F:/", "", "F:/", "0", 0, 0
679,computer, 561, "G:/", "", "G:/", "0", 0, 0
680,computer, 561, "H:/", "", "H:/", "0", 0, 0
681,computer, 562, "OS", "OS", "C:/", 14, 463532, 391027
682,computer, 562, "D:/", "HP_RECOVERY", "D:/", 14, 8406, 8406
683,computer, 562, "E:/", "DATA", "E:/", 14, 64000,48000
684,computer, 562, "F:/", "", "F:/", "0", 0, 0
685,computer, 562, "G:/", "", "G:/", "0", 0, 0
686,computer, 562, "H:/", "", "H:/", "0", 0, 0
687,computer, 565, "OS", "OS", "C:/", 14, 463532, 407542
688,computer, 565, "D:/", "HP_RECOVERY", "D:/", 14, 8406, 8406
689,computer, 565, "E:/", "DATA", "E:/", 14, 64000,48000
690,computer, 565, "F:/", "", "F:/", "0", 0, 0
691,computer, 565, "G:/", "", "G:/", "0", 0, 0
692,computer, 565, "H:/", "", "H:/", "0", 0, 0
693,computer, 566, "OS", "OS", "C:/", 14, 230157, 194379
694,computer, 566, "HP_RECOVERY", "HP_RECOVERY", "D:/", 14, 8110, 884
695,computer, 566, "E:/", "DATA", "E:/", 14, 64000,48000
696,computer, 573, "OS", "OS", "C:/", 14, 940126, 876528
697,computer, 573, "HP_RECOVERY", "HP_RECOVERY", "D:/", 14, 13639, 1676
698,computer, 573, "E:/", "DATA", "E:/", 14, 64000,48000
699,computer, 573, "F:/", "", "F:/", "0", 0, 0
700,computer, 573, "Q:/", "", "Q:/", "0", 2147483647, 2147483647
701,computer, 579, "OS", "OS", "C:/", 14, 230157, 191058
702,computer, 579, "HP_RECOVERY", "HP_RECOVERY", "D:/", 14, 8110, 884
703,computer, 579, "E:/", "DATA", "E:/", 14, 64000,48000
704,computer, 601, "OS", "OS", "C:/", 14, 939807, 850984
705,computer, 601, "HP_RECOVERY", "HP_RECOVERY", "D:/", 14, 13958, 1711
706,computer, 601, "E:/", "DATA", "E:/", 14, 64000,48000
707,computer, 601, "G:/", "", "G:/", "0", 0, 0
708,computer, 602, "OS", "OS", "C:/", 14, 939807, 862091
709,computer, 602, "HP_RECOVERY", "HP_RECOVERY", "D:/", 14, 13958, 1710
710,computer, 602, "E:/", "DATA", "E:/", 14, 64000,48000
711,computer, 602, "H:/", "", "H:/", "0", 0, 0
712,computer, 604, "OS", "OS", "C:/", 14, 939807, 850496
713,computer, 604, "HP_RECOVERY", "HP_RECOVERY", "D:/", 14, 13958, 1710
714,computer, 604, "E:/", "DATA", "E:/", 14, 64000,48000
715,computer, 604, "H:/", "", "H:/", "0", 0, 0
716,computer, 611, "OS", "OS", "C:/", 14, 939807, 856525
717,computer, 611, "HP_RECOVERY", "HP_RECOVERY", "D:/", 14, 13958, 1705
718,computer, 611, "E:/", "DATA", "E:/", 14, 64000,48000
719,computer, 611, "G:/", "", "G:/", "0", 0, 0
720,computer, 612, "OS", "OS", "C:/", 14, 939807, 881961
721,computer, 612, "HP_RECOVERY", "HP_RECOVERY", "D:/", 14, 13958, 1710
722,computer, 612, "E:/", "DATA", "E:/", 14, 64000,48000
723,computer, 612, "G:/", "", "G:/", "0", 0, 0
724,computer, 619, "OS", "OS", "C:/", 14, 939807, 864719
725,computer, 619, "HP_RECOVERY", "HP_RECOVERY", "D:/", 14, 13958, 1710
726,computer, 619, "E:/", "DATA", "E:/", 14, 64000,48000
727,computer, 619, "G:/", "", "G:/", "0", 0, 0
728,computer, 620, "OS", "OS", "C:/", 14, 939807, 867743
729,computer, 620, "HP_RECOVERY", "HP_RECOVERY", "D:/", 14, 13958, 1710
730,computer, 620, "E:/", "DATA", "E:/", 14, 64000,48000
731,computer, 620, "G:/", "", "G:/", "0", 0, 0
732,computer, 625, "OS", "OS", "C:/", 14, 943399, 882344
733,computer, 625, "HP_RECOVERY", "HP_RECOVERY", "D:/", 14, 9566, 1070
734,computer, 625, "E:/", "DATA", "E:/", 14, 64000,48000
735,computer, 625, "F:/", "", "F:/", "0", 0, 0
736,computer, 628, "OS", "OS", "C:/", 14, 939807, 868273
737,computer, 628, "HP_RECOVERY", "HP_RECOVERY", "D:/", 14, 13958, 1710
738,computer, 628, "E:/", "DATA", "E:/", 14, 64000,48000
739,computer, 628, "G:/", "", "G:/", "0", 0, 0
740,computer, 631, "C:/", "", "C:/", 14, 76308, 59346
741,computer, 631, "D:/", "HP_RECOVERY", "D:/", 14, 8406, 8406
742,computer, 642, "C:/", "", "C:/", 14, 76308, 61043
743,computer, 642, "D:/", "HP_RECOVERY", "D:/", 14, 8406, 8406
744,computer, 650, "OS", "OS", "C:/", 14, 939807, 875051
745,computer, 650, "HP_RECOVERY", "HP_RECOVERY", "D:/", 14, 13958, 1710
746,computer, 650, "E:/", "DATA", "E:/", 14, 64000,48000
747,computer, 650, "G:/", "", "G:/", "0", 0, 0
748,computer, 651, "OS", "OS", "C:/", 14, 943399, 884151
749,computer, 651, "HP_RECOVERY", "HP_RECOVERY", "D:/", 14, 9566, 1070
750,computer, 651, "F:/", "", "F:/", "0", 0, 0
751,computer, 652, "C:/", "", "C:/", 14, 76308, 68758
752,computer, 652, "D:/", "HP_RECOVERY", "D:/", 14, 8406, 8406
753,computer, 655, "C:/", "", "C:/", 14, 76308, 20425
754,computer, 655, "D:/", "HP_RECOVERY", "D:/", 14, 8406, 8406
755,computer, 658, "C:/", "", "C:/", 14, 76308, 58446
756,computer, 658, "D:/", "HP_RECOVERY", "D:/", 14, 8406, 8406
757,computer, 663, "C:/", "", "C:/", 14, 76308, 61979
758,computer, 663, "D:/", "HP_RECOVERY", "D:/", 14, 8406, 8406
759,computer, 782, "C:/", "", "C:/", 14, 76308, 63344
760,computer, 782, "D:/", "HP_RECOVERY", "D:/", 14, 8406, 8406
761,computer, 783, "C:/", "", "C:/", 14, 76308, 57889
762,computer, 783, "D:/", "HP_RECOVERY", "D:/", 14, 8406, 8406
763,computer, 882, "OS", "OS", "C:/", 14, 463532, 400052
764,computer, 882, "D:/", "HP_RECOVERY", "D:/", 14, 8406, 8406
765,computer, 882, "F:/", "", "F:/", "0", 0, 0
766,computer, 882, "G:/", "", "G:/", "0", 0, 0
767,computer, 882, "H:/", "", "H:/", "0", 0, 0
768,computer, 882, "I:/", "", "I:/", "0", 0, 0
769,computer, 884, "C:/", "", "C:/", 14, 76308, 56052
770,computer, 884, "D:/", "HP_RECOVERY", "D:/", 14, 8406, 8406
771,computer, 884, "E:/", "DATA", "E:/", 14, 64000,48000
772,computer, 905, "OS", "OS", "C:/", 14, 463532, 397546
773,computer, 905, "D:/", "HP_RECOVERY", "D:/", 14, 8406, 8406
774,computer, 905, "E:/", "DATA", "E:/", 14, 64000,48000
775,computer, 905, "F:/", "", "F:/", "0", 0, 0
776,computer, 905, "G:/", "", "G:/", "0", 0, 0
777,computer, 905, "H:/", "", "H:/", "0", 0, 0
778,computer, 905, "I:/", "", "I:/", "0", 0, 0
779,computer, 908, "OS", "OS", "C:/", 14, 463532, 398964
780,computer, 908, "D:/", "HP_RECOVERY", "D:/", 14, 8406, 8406
781,computer, 908, "E:/", "DATA", "E:/", 14, 64000,48000
782,computer, 908, "F:/", "", "F:/", "0", 0, 0
783,computer, 908, "G:/", "", "G:/", "0", 0, 0
784,computer, 908, "H:/", "", "H:/", "0", 0, 0
785,computer, 910, "OS", "OS", "C:/", 14, 463532, 399759
786,computer, 910, "D:/", "HP_RECOVERY", "D:/", 14, 8406, 8406
787,computer, 910, "E:/", "DATA", "E:/", 14, 64000,48000
788,computer, 910, "F:/", "", "F:/", "0", 0, 0
789,computer, 910, "G:/", "", "G:/", "0", 0, 0
790,computer, 910, "H:/", "", "H:/", "0", 0, 0
791,computer, 913, "OS", "OS", "C:/", 14, 463532, 399671
792,computer, 913, "D:/", "HP_RECOVERY", "D:/", 14, 8406, 8406
793,computer, 913, "E:/", "DATA", "E:/", 14, 64000,48000
794,computer, 913, "F:/", "", "F:/", "0", 0, 0
795,computer, 913, "G:/", "", "G:/", "0", 0, 0
796,computer, 913, "H:/", "", "H:/", "0", 0, 0
797,computer, 915, "OS", "OS", "C:/", 14, 463532, 397212
798,computer, 915, "D:/", "HP_RECOVERY", "D:/", 14, 8406, 8406
799,computer, 915, "E:/", "DATA", "E:/", 14, 64000,48000
800,computer, 915, "F:/", "", "F:/", "0", 0, 0
801,computer, 915, "G:/", "", "G:/", "0", 0, 0
802,computer, 915, "H:/", "", "H:/", "0", 0, 0
803,computer, 920, "OS", "OS", "C:/", 14, 463532, 399473
804,computer, 920, "D:/", "HP_RECOVERY", "D:/", 14, 8406, 8406
805,computer, 920, "F:/", "", "F:/", "0", 0, 0
806,computer, 920, "G:/", "", "G:/", "0", 0, 0
807,computer, 920, "H:/", "", "H:/", "0", 0, 0
808,computer, 920, "I:/", "", "I:/", "0", 0, 0
809,computer, 921, "OS", "OS", "C:/", 14, 463532, 399561
810,computer, 921, "D:/", "HP_RECOVERY", "D:/", 14, 8406, 8406
811,computer, 921, "E:/", "DATA", "E:/", 14, 64000,48000
812,computer, 921, "F:/", "", "F:/", "0", 0, 0
813,computer, 921, "G:/", "", "G:/", "0", 0, 0
814,computer, 921, "H:/", "", "H:/", "0", 0, 0
815,computer, 922, "OS", "OS", "C:/", 14, 463532, 398991
816,computer, 922, "E:/", "DATA", "E:/", 14, 64000,48000
817,computer, 922, "F:/", "", "F:/", "0", 0, 0
818,computer, 922, "G:/", "", "G:/", "0", 0, 0
819,computer, 922, "H:/", "", "H:/", "0", 0, 0
820,computer, 924, "OS", "OS", "C:/", 14, 463532, 397733
821,computer, 924, "D:/", "HP_RECOVERY", "D:/", 14, 8406, 8406
822,computer, 924, "E:/", "DATA", "E:/", 14, 64000,48000
823,computer, 924, "F:/", "", "F:/", "0", 0, 0
824,computer, 924, "G:/", "", "G:/", "0", 0, 0
825,computer, 924, "H:/", "", "H:/", "0", 0, 0
826,computer, 926, "OS", "OS", "C:/", 14, 463532, 395063
827,computer, 926, "D:/", "HP_RECOVERY", "D:/", 14, 8406, 8406
828,computer, 926, "E:/", "DATA", "E:/", 14, 64000,48000
829,computer, 926, "F:/", "", "F:/", "0", 0, 0
830,computer, 926, "G:/", "", "G:/", "0", 0, 0
831,computer, 926, "H:/", "", "H:/", "0", 0, 0
832,computer, 934, "OS", "OS", "C:/", 14, 463532, 398499
833,computer, 934, "D:/", "HP_RECOVERY", "D:/", 14, 8406, 8406
834,computer, 934, "E:/", "DATA", "E:/", 14, 64000,48000
835,computer, 934, "F:/", "", "F:/", "0", 0, 0
836,computer, 934, "G:/", "", "G:/", "0", 0, 0
837,computer, 934, "H:/", "", "H:/", "0", 0, 0
838,computer, 939, "OS", "OS", "C:/", 14, 463532, 389007
839,computer, 939, "D:/", "HP_RECOVERY", "D:/", 14, 8406, 8406
840,computer, 939, "E:/", "DATA", "E:/", 14, 64000,48000
841,computer, 939, "F:/", "", "F:/", "0", 0, 0
842,computer, 939, "G:/", "", "G:/", "0", 0, 0
843,computer, 939, "H:/", "", "H:/", "0", 0, 0
844,computer, 951, "C:/", "", "C:/", 14, 76308, 59502
845,computer, 951, "D:/", "HP_RECOVERY", "D:/", 14, 8406, 8406
846,computer, 951, "E:/", "DATA", "E:/", 14, 64000,48000
847,computer, 961, "OS", "OS", "C:/", 14, 236424, 194117
848,computer, 961, "E:/", "DATA", "E:/", 14, 64000,48000
849,computer, 966, "C:/", "", "C:/", 14, 76308, 53109
850,computer, 966, "D:/", "HP_RECOVERY", "D:/", 14, 8406, 8406
851,computer, 971, "OS", "OS", "C:/", 14, 237679, 188462
852,computer, 971, "D:/", "HP_RECOVERY", "D:/", 14, 8406, 8406
853,computer, 971, "E:/", "DATA", "E:/", 14, 64000,48000
854,computer, 971, "F:/", "", "F:/", "0", 0, 0
855,computer, 973, "OS", "OS", "C:/", 14, 229688, 194881
856,computer, 973, "HP_RECOVERY", "HP_RECOVERY", "D:/", 14, 8683, 1020
857,computer, 973, "E:/", "DATA", "E:/", 14, 64000,48000
858,computer, 973, "//se3/admin", "//se3/admin", "K:/", 14, 0, 0
859,computer, 973, "//se3/Classes", "//se3/Classes", "U:/", 14, 0, 0
860,computer, 973, "//se3/Docs", "//se3/Docs", "V:/", 14, 0, 0
861,computer, 973, "//se3/Progs", "//se3/Progs", "W:/", 14, 0, 0
862,computer, 973, "//se3/admhomes", "//se3/admhomes", "X:/", 14, 0, 0
863,computer, 973, "//se3/admse3", "//se3/admse3", "Y:/", 14, 0, 0
864,computer, 975, "OS", "OS", "C:/", 14, 463532, 396935
865,computer, 975, "D:/", "HP_RECOVERY", "D:/", 14, 8406, 8406
866,computer, 975, "E:/", "DATA", "E:/", 14, 64000,48000
867,computer, 975, "F:/", "", "F:/", "0", 0, 0
868,computer, 975, "G:/", "", "G:/", "0", 0, 0
869,computer, 975, "H:/", "", "H:/", "0", 0, 0
870,computer, 980, "OS", "OS", "C:/", 14, 229688, 192853
871,computer, 980, "HP_RECOVERY", "HP_RECOVERY", "D:/", 14, 8683, 1020
872,computer, 980, "E:/", "DATA", "E:/", 14, 64000,48000
873,computer, 989, "OS", "OS", "C:/", 14, 463532, 395772
874,computer, 989, "D:/", "HP_RECOVERY", "D:/", 14, 8406, 8406
875,computer, 989, "E:/", "DATA", "E:/", 14, 64000,48000
876,computer, 989, "F:/", "", "F:/", "0", 0, 0
877,computer, 989, "G:/", "", "G:/", "0", 0, 0
878,computer, 989, "H:/", "", "H:/", "0", 0, 0
879,computer, 989, "J:/", "", "J:/", "0", 0, 0
880,computer, 990, "C:/", "", "C:/", 14, 76308, 50762
881,computer, 990, "D:/", "HP_RECOVERY", "D:/", 14, 8406, 8406
882,computer, 992, "OS", "OS", "C:/", 14, 463532, 394121
883,computer, 992, "D:/", "HP_RECOVERY", "D:/", 14, 8406, 8406
884,computer, 992, "E:/", "DATA", "E:/", 14, 64000,48000
885,computer, 992, "F:/", "", "F:/", "0", 0, 0
886,computer, 992, "G:/", "", "G:/", "0", 0, 0
887,computer, 992, "H:/", "", "H:/", "0", 0, 0
888,computer, 995, "OS", "OS", "C:/", 14, 229688, 192057
889,computer, 995, "HP_RECOVERY", "HP_RECOVERY", "D:/", 14, 8683, 1060
890,computer, 995, "E:/", "DATA", "E:/", 14, 64000,48000
891,computer, 998, "C:/", "", "C:/", 14, 152617, 136655
892,computer, 998, "D:/", "HP_RECOVERY", "D:/", 14, 8406, 8406
893,computer, 999, "OS", "OS", "C:/", 14, 463532, 398632
894,computer, 999, "D:/", "HP_RECOVERY", "D:/", 14, 8406, 8406
895,computer, 999, "F:/", "", "F:/", "0", 0, 0
896,computer, 999, "G:/", "", "G:/", "0", 0, 0
897,computer, 999, "H:/", "", "H:/", "0", 0, 0
898,computer, 999, "I:/", "", "I:/", "0", 0, 0
899,computer, 1000, "OS", "OS", "C:/", 14, 463532, 399233
900,computer, 1000, "D:/", "HP_RECOVERY", "D:/", 14, 8406, 8406
901,computer, 1000, "E:/", "DATA", "E:/", 14, 64000,48000
902,computer, 1000, "F:/", "", "F:/", "0", 0, 0
903,computer, 1000, "G:/", "", "G:/", "0", 0, 0
904,computer, 1000, "H:/", "", "H:/", "0", 0, 0
905,computer, 1028, "OS", "OS", "C:/", 14, 232003, 201043
906,computer, 1028, "HP_RECOVERY", "HP_RECOVERY", "D:/", 14, 6368, 942
907,computer, 1028, "E:/", "DATA", "E:/", 14, 64000,48000
908,computer, 1030, "OS", "OS", "C:/", 14, 232003, 200144
909,computer, 1030, "HP_RECOVERY", "HP_RECOVERY", "D:/", 14, 6368, 942
910,computer, 1030, "E:/", "DATA", "E:/", 14, 64000,48000
911,computer, 1031, "OS", "OS", "C:/", 14, 232003, 201937
912,computer, 1031, "HP_RECOVERY", "HP_RECOVERY", "D:/", 14, 6368, 942
913,computer, 1031, "E:/", "DATA", "E:/", 14, 64000,48000
914,computer, 1032, "OS", "OS", "C:/", 14, 232003, 201228
915,computer, 1032, "HP_RECOVERY", "HP_RECOVERY", "D:/", 14, 6368, 942
916,computer, 1032, "E:/", "DATA", "E:/", 14, 64000,48000
917,computer, 1033, "OS", "OS", "C:/", 14, 232003, 203820
918,computer, 1033, "HP_RECOVERY", "HP_RECOVERY", "D:/", 14, 6368, 942
919,computer, 1033, "E:/", "DATA", "E:/", 14, 64000,48000
920,computer, 1034, "OS", "OS", "C:/", 14, 232003, 201720
921,computer, 1034, "HP_RECOVERY", "HP_RECOVERY", "D:/", 14, 6368, 942
922,computer, 1034, "E:/", "DATA", "E:/", 14, 64000,48000
923,computer, 1035, "OS", "OS", "C:/", 14, 232003, 200193
924,computer, 1035, "HP_RECOVERY", "HP_RECOVERY", "D:/", 14, 6368, 942
925,computer, 1035, "E:/", "DATA", "E:/", 14, 64000,48000
926,computer, 1036, "OS", "OS", "C:/", 14, 232003, 201901
927,computer, 1036, "HP_RECOVERY", "HP_RECOVERY", "D:/", 14, 6368, 942
928,computer, 1036, "E:/", "DATA", "E:/", 14, 64000,48000
929,computer, 1037, "OS", "OS", "C:/", 14, 232003, 197970
930,computer, 1037, "HP_RECOVERY", "HP_RECOVERY", "D:/", 14, 6368, 942
931,computer, 1037, "E:/", "DATA", "E:/", 14, 64000,48000
932,computer, 1038, "OS", "OS", "C:/", 14, 232003, 202396
933,computer, 1038, "HP_RECOVERY", "HP_RECOVERY", "D:/", 14, 6368, 942
934,computer, 1038, "E:/", "DATA", "E:/", 14, 64000,48000
935,computer, 1067, "OS", "OS", "C:/", 14, 232003, 202807
936,computer, 1067, "HP_RECOVERY", "HP_RECOVERY", "D:/", 14, 6368, 942
937,computer, 1067, "E:/", "DATA", "E:/", 14, 64000,48000
938,computer, 1068, "OS", "OS", "C:/", 14, 232003, 202100
939,computer, 1068, "HP_RECOVERY", "HP_RECOVERY", "D:/", 14, 6368, 942
940,computer, 1068, "E:/", "DATA", "E:/", 14, 64000,48000
941,computer, 1070, "OS", "OS", "C:/", 14, 232003, 202843
942,computer, 1070, "HP_RECOVERY", "HP_RECOVERY", "D:/", 14, 6368, 942
943,computer, 1070, "E:/", "DATA", "E:/", 14, 64000,48000
944,computer, 1071, "OS", "OS", "C:/", 14, 232003, 202902
945,computer, 1071, "HP_RECOVERY", "HP_RECOVERY", "D:/", 14, 6368, 942
946,computer, 1071, "E:/", "DATA", "E:/", 14, 64000,48000
947,computer, 1072, "OS", "OS", "C:/", 14, 232003, 202266
948,computer, 1072, "HP_RECOVERY", "HP_RECOVERY", "D:/", 14, 6368, 942
949,computer, 1072, "E:/", "DATA", "E:/", 14, 64000,48000
950,computer, 1073, "OS", "OS", "C:/", 14, 232003, 202701
951,computer, 1073, "HP_RECOVERY", "HP_RECOVERY", "D:/", 14, 6368, 942
952,computer, 1073, "E:/", "DATA", "E:/", 14, 64000,48000
953,computer, 1074, "OS", "OS", "C:/", 14, 232003, 201639
954,computer, 1074, "HP_RECOVERY", "HP_RECOVERY", "D:/", 14, 6368, 942
955,computer, 1074, "E:/", "DATA", "E:/", 14, 64000,48000
956,computer, 1075, "OS", "OS", "C:/", 14, 232003, 202186
957,computer, 1075, "HP_RECOVERY", "HP_RECOVERY", "D:/", 14, 6368, 942
958,computer, 1075, "E:/", "DATA", "E:/", 14, 64000,48000
959,computer, 1076, "OS", "OS", "C:/", 14, 232003, 201877
960,computer, 1076, "HP_RECOVERY", "HP_RECOVERY", "D:/", 14, 6368, 942
961,computer, 1076, "E:/", "DATA", "E:/", 14, 64000,48000
962,computer, 1077, "OS", "OS", "C:/", 14, 232003, 202302
963,computer, 1077, "HP_RECOVERY", "HP_RECOVERY", "D:/", 14, 6368, 942
964,computer, 1077, "E:/", "DATA", "E:/", 14, 64000,48000
965,computer, 1078, "OS", "OS", "C:/", 14, 232003, 201685
966,computer, 1078, "HP_RECOVERY", "HP_RECOVERY", "D:/", 14, 6368, 942
967,computer, 1078, "E:/", "DATA", "E:/", 14, 64000,48000
968,computer, 1079, "OS", "OS", "C:/", 14, 232003, 201238
969,computer, 1079, "HP_RECOVERY", "HP_RECOVERY", "D:/", 14, 6368, 942
970,computer, 1079, "E:/", "DATA", "E:/", 14, 64000,48000
971,computer, 1080, "OS", "OS", "C:/", 14, 232003, 202473
972,computer, 1080, "HP_RECOVERY", "HP_RECOVERY", "D:/", 14, 6368, 942
973,computer, 1080, "E:/", "DATA", "E:/", 14, 64000,48000
974,computer, 1081, "OS", "OS", "C:/", 14, 232003, 201575
975,computer, 1081, "HP_RECOVERY", "HP_RECOVERY", "D:/", 14, 6368, 942
976,computer, 1081, "E:/", "DATA", "E:/", 14, 64000,48000
977,computer, 1083, "OS", "OS", "C:/", 14, 232003, 205778
978,computer, 1083, "HP_RECOVERY", "HP_RECOVERY", "D:/", 14, 6368, 936
979,computer, 1083, "E:/", "DATA", "E:/", 14, 64000,48000
980,computer, 1085, "OS", "OS", "C:/", 14, 232003, 202157
981,computer, 1085, "HP_RECOVERY", "HP_RECOVERY", "D:/", 14, 6368, 942
982,computer, 1085, "E:/", "DATA", "E:/", 14, 64000,48000
983,computer, 1087, "OS", "OS", "C:/", 14, 232003, 202848
984,computer, 1087, "HP_RECOVERY", "HP_RECOVERY", "D:/", 14, 6368, 942
985,computer, 1087, "E:/", "DATA", "E:/", 14, 64000,48000
986,computer, 1088, "C:/", "", "C:/", 14, 76308, 62493
987,computer, 1088, "D:/", "HP_RECOVERY", "D:/", 14, 8406, 8406
988,computer, 1089, "OS", "OS", "C:/", 14, 232003, 203721
989,computer, 1089, "HP_RECOVERY", "HP_RECOVERY", "D:/", 14, 6368, 942
990,computer, 1089, "E:/", "DATA", "E:/", 14, 64000,48000
991,computer, 1090, "OS", "OS", "C:/", 14, 232003, 203403
992,computer, 1090, "HP_RECOVERY", "HP_RECOVERY", "D:/", 14, 6368, 942
993,computer, 1090, "E:/", "DATA", "E:/", 14, 64000,48000
994,computer, 1091, "OS", "OS", "C:/", 14, 232003, 201300
995,computer, 1091, "HP_RECOVERY", "HP_RECOVERY", "D:/", 14, 6368, 942
996,computer, 1091, "E:/", "DATA", "E:/", 14, 64000,48000
997,computer, 1093, "C:/", "", "C:/", 14, 76308, 46730
998,computer, 1093, "D:/", "HP_RECOVERY", "D:/", 14, 8406, 8406
999,computer, 1094, "/dev/simfs", "/dev/simfs", "", 4, 4096, 3102
1000,computer, 1095, "/dev/simfs", "/dev/simfs", "", 4, 10240, 8414
1001,computer, 1096, "/dev/simfs", "/dev/simfs", "", 4, 4096, 3500
1002,computer, 1097, "/dev/simfs", "/dev/simfs", "", 4, 10240, 8982
1003,computer, 1098, "/dev/simfs", "/dev/simfs", "", 4, 20480, 18724
1004,computer, 1099, "/dev/simfs", "/dev/simfs", "", 4, 20480, 19216);
